<clinical_study>
  <!-- This xml conforms to an XML Schema at:
    https://clinicaltrials.gov/ct2/html/images/info/public.xsd -->
  <required_header>
    <download_date>ClinicalTrials.gov processed this data on February 27, 2020</download_date>
    <link_text>Link to the current ClinicalTrials.gov record.</link_text>
    <url>https://clinicaltrials.gov/show/NCT04109703</url>
  </required_header>
  <id_info>
    <org_study_id>201969K</org_study_id>
    <nct_id>NCT04109703</nct_id>
  </id_info>
  <brief_title>High Level Pulsed Heat Versus Low Level Steady Heat in Subjects With Chronic Low Back Pain</brief_title>
  <official_title>High Level Pulsed Heat Versus Low Level Steady Heat in Subjects With Chronic Low Back Pain</official_title>
  <sponsors>
    <lead_sponsor>
      <agency>Carewave Medical, Inc.</agency>
      <agency_class>Industry</agency_class>
    </lead_sponsor>
    <collaborator>
      <agency>Northern California Research Corporation</agency>
      <agency_class>Other</agency_class>
    </collaborator>
    <collaborator>
      <agency>University of Washington</agency>
      <agency_class>Other</agency_class>
    </collaborator>
  </sponsors>
  <source>Carewave Medical, Inc.</source>
  <oversight_info>
    <has_dmc>Yes</has_dmc>
    <is_fda_regulated_drug>No</is_fda_regulated_drug>
    <is_fda_regulated_device>No</is_fda_regulated_device>
  </oversight_info>
  <brief_summary>
    <textblock>
      This study is a double blinded randomized active placebo controlled trial in subjects with
      chronic low back pain. The trial compares pain relief by a device that delivered high level
      pulsed heat (45 °C) to pain relief delivered by a steady heat lower temperature device (37
      °C). The hypothesis is that the high temperature pulsed heat device will produce
      significantly better pain relief as compared to the lower level steady heat device. The
      secondary hypothesis is that pain relief will occur faster in the high pulsed heat device as
      compared to the control device.
    </textblock>
  </brief_summary>
  <detailed_description>
    <textblock>
      1. This study will be conducted under Good Clinical Practice (GCP) guidelines and suitable
           for FDA submission in order to obtain claims such as, &quot;provides temporary pain relief
           for people with chronic lower back pain.&quot;

        2. The study is designed as a randomized double blinded two arm placebo controlled trial.

        3. The active arm (N=50) receives two active Series 5 heating units (Soovu Labs Inc.) that
           pulse heat to 45ºC (113ºF). The active Series 5 placebo arm (N=50) gets two identical
           appearing units (Soovu Labs Inc.) that produce low level of heat at 37ºC (96.8 ºF). For
           reference skin temperature is about 33 ºC and room temperature 23 ºC.

        4. The study hypothesis is that in subjects with chronic low back pain, the active heating
           device group will show a statistical improvement in pain scores as compared to the
           active placebo group as measured by the primary outcome measure, the Numeric Pain Scale
           (NPS).

        5. Subjects will be told the study is examining the pain relieving effectiveness of two
           different levels of heat.

        6. Subjects must have chronic low back pain with a pretreatment level of pain 4 or greater
           on a 0-10 point scale. By definition chronic low back pain is a condition that has been
           present for at least 6 months and must be present more days than not over the course of
           a week.

        7. No use of pain medications during the four hour trial. However, pain medications
           including schedule IIIs can be taken up to 30 minutes before the start of the trial.
           Medications permitted during the trial include medications such as tramadol, codeine,
           NSIADs, gabapentin and acetaminophen. Non-pain medications for medical indications are
           permitted at any time. Subjects taking schedule II opioids are excluded from the study.
           Schedule II opioids include oxycodone, hydromorphone, hydrocodone, fentanyl and
           methadone.

        8. Ages 22 through 70 inclusive.

        9. Exclusion criteria- sciatica if present must be rated significantly less than the non
           -radiating component of the low back pain, pregnancy, skin lesions such as open skin or
           sores, scar tissue, skins grafts, old burns over the treatment area or neuropathic
           sensory loss over the treatment site.

       10. Pre-treatment assessments include, Numeric Pain Scale, and a pre-study questionnaire
           (history, treatment preferences, short form Brief Pain Inventory, and short form
           Magill).

       11. Each treatment session lasts approximately 30 minutes with pain assessments throughout
           using NPS (primary outcome measure). Secondary outcome measures include measures of
           comfort and willingness to endorse their treatment.

       12. All subjects are followed for a 4 hour post treatment period with intermittent pain
           assessments (NPS).

       13. At the end of the post treatment period, subjects complete a post study usability
           questionnaire and a blinding questionnaire.
    </textblock>
  </detailed_description>
  <overall_status>Completed</overall_status>
  <start_date type="Actual">June 1, 2019</start_date>
  <completion_date type="Actual">September 25, 2019</completion_date>
  <primary_completion_date type="Actual">September 1, 2019</primary_completion_date>
  <phase>N/A</phase>
  <study_type>Interventional</study_type>
  <has_expanded_access>No</has_expanded_access>
  <study_design_info>
    <allocation>Randomized</allocation>
    <intervention_model>Parallel Assignment</intervention_model>
    <intervention_model_description>Double blinded, randomized, active placebo controlled trial</intervention_model_description>
    <primary_purpose>Treatment</primary_purpose>
    <masking>Quadruple (Participant, Care Provider, Investigator, Outcomes Assessor)</masking>
    <masking_description>Double blinded with a control condition using a low level heating (37 degree C) device. The active experimental device used heast that intermittently pulsed to 45 degrees C.</masking_description>
  </study_design_info>
  <primary_outcome>
    <measure>Pain Rating</measure>
    <time_frame>Changes in the Numerical Pain Scale will be compared between baseline and 30 minutes after minutes of treatment.</time_frame>
    <description>Numerical Pain Score (NPS) Range Zero (minimum) through ten (maximum score) thirty minutes after completion of the treatment session.</description>
  </primary_outcome>
  <other_outcome>
    <measure>Pain Relief 30 Minutes After the Intervention</measure>
    <time_frame>Changes in the Numerical Pain Scale will be compared between baseline and thirty minutes post intervention.</time_frame>
    <description>Numerical Pain Scale Range Zero (minimum) through ten (maximum score) In this study a lower number on the Numeric Pain Scale means the subject(s) has less pain. Less pain particularly in the experimental group is a better outcome.</description>
  </other_outcome>
  <number_of_arms>2</number_of_arms>
  <enrollment type="Actual">100</enrollment>
  <condition>Chronic Pain</condition>
  <condition>Low Back Pain</condition>
  <condition>Heat</condition>
  <condition>Analgesia</condition>
  <arm_group>
    <arm_group_label>High level pulsed heat</arm_group_label>
    <arm_group_type>Active Comparator</arm_group_type>
    <description>Subjects randomized to this arm received a generation 5 device (Soovu Labs Inc.) that produced 30 minutes of heat. The heat was delivered as waves peaking at 45° C.</description>
  </arm_group>
  <arm_group>
    <arm_group_label>Low level steady heat</arm_group_label>
    <arm_group_type>Placebo Comparator</arm_group_type>
    <description>Subjects randomized to this arm received an identical generation 5 device (Soovu Labs Inc.) that produced 30 minutes of heat. The heat was delivered in a steady manner at 37° C.</description>
  </arm_group>
  <intervention>
    <intervention_type>Device</intervention_type>
    <intervention_name>High Level Pulsed Heat delivered by Generation 5 devices from Soovu Labs Inc.</intervention_name>
    <description>The Soovu Labss Inc. battery powered device is a one inch diameter heating pod that attaches to the user via a ring system. The device may be programmed to deliver a wide variety of treatment algorithms. Control of the devices are through a phone-based bluetooth connection. For this study the treatment algorithm used for subjects in this arm (experimental) used a temperature that was ramped from skin temperature to a peak temperature of 45° C and cycled for 30 minutes.</description>
    <arm_group_label>High level pulsed heat</arm_group_label>
    <other_name>Experimental arm</other_name>
  </intervention>
  <intervention>
    <intervention_type>Device</intervention_type>
    <intervention_name>Low Level (37 degrees C) delivered by the control device Generation 5 devices from Soovu Labs Inc.</intervention_name>
    <description>The Soovu Labs Inc. battery powered device is a one inch diameter heating pod that attaches to the user via a ring system. The device may be programmed to deliver a wide variety of treatment algorithms. Control of the devices are via a phone-based bluetooth connection. For this control arm of the study the treatment algorithm held a steady temperature of 37 degrees C for a 30 minute period.</description>
    <arm_group_label>Low level steady heat</arm_group_label>
    <other_name>Control arm</other_name>
  </intervention>
  <eligibility>
    <criteria>
      <textblock>
        Inclusion Criteria:

          1. Chronic low back pain. By definition chronic low back pain is a condition that has
             been present for at least 6 months on more days than not. If there is a radiating
             component of the low back pain the radiating component must have a pain rating less
             than the non-radiating component of the low back pain.

          2. Subjects must have pretreatment level of pain 4 or greater.

          3. Ages 22 through 70 inclusive

          4. Non pain medications are permitted as needed for conditions such as hypertension,
             diabetes, heart disease etc.

          5. Medications such as tramadol, codeine, NSIADs, gabapentin and acetaminophen are not
             permitted during the trial but may be included under the discretion of the study
             physician.

          6. Subjects must have a reliable method for clinic contact and follow-up.

             -

        Exclusion Criteria:

          1. Sciatica or radicular pain without non-radiating low back pain, cancer, radicular pain
             greater than the non-radiating component of low back pain, pregnancy, skin lesions
             such as open skin or sores, scar tissue, skins grafts, old burns over the treatment
             area.

          2. Medications including oxycodone, hydromorphone, hydrocodone, fentanyl and methadone
             are excluded from the trial but may be included under the discretion of the study
             physician. Such decisions will be documented should they occur.

             -
      </textblock>
    </criteria>
    <gender>All</gender>
    <gender_based>Yes</gender_based>
    <gender_description>any gender eligible</gender_description>
    <minimum_age>21 Years</minimum_age>
    <maximum_age>70 Years</maximum_age>
    <healthy_volunteers>Accepts Healthy Volunteers</healthy_volunteers>
  </eligibility>
  <overall_official>
    <last_name>charles chabal, MD</last_name>
    <role>Principal Investigator</role>
    <affiliation>Soovu Labs Inc.</affiliation>
  </overall_official>
  <location>
    <facility>
      <name>Northern California Research Institute</name>
      <address>
        <city>Sacramento</city>
        <state>California</state>
        <zip>95821</zip>
        <country>United States</country>
      </address>
    </facility>
  </location>
  <location_countries>
    <country>United States</country>
  </location_countries>
  <verification_date>November 2019</verification_date>
  <study_first_submitted>September 26, 2019</study_first_submitted>
  <study_first_submitted_qc>September 27, 2019</study_first_submitted_qc>
  <study_first_posted type="Actual">September 30, 2019</study_first_posted>
  <results_first_submitted>November 14, 2019</results_first_submitted>
  <results_first_submitted_qc>December 6, 2019</results_first_submitted_qc>
  <results_first_posted type="Actual">December 30, 2019</results_first_posted>
  <last_update_submitted>December 6, 2019</last_update_submitted>
  <last_update_submitted_qc>December 6, 2019</last_update_submitted_qc>
  <last_update_posted type="Actual">December 30, 2019</last_update_posted>
  <responsible_party>
    <responsible_party_type>Sponsor</responsible_party_type>
  </responsible_party>
  <keyword>chronic pain</keyword>
  <keyword>low back pain</keyword>
  <keyword>heat</keyword>
  <keyword>thermal</keyword>
  <keyword>analgesia</keyword>
  <condition_browse>
    <!-- CAUTION:  The following MeSH terms are assigned with an imperfect algorithm            -->
    <mesh_term>Back Pain</mesh_term>
    <mesh_term>Low Back Pain</mesh_term>
    <mesh_term>Chronic Pain</mesh_term>
  </condition_browse>
  <patient_data>
    <sharing_ipd>No</sharing_ipd>
  </patient_data>
  <provided_document_section>
    <provided_document>
      <document_type>Study Protocol and Statistical Analysis Plan</document_type>
      <document_has_protocol>Yes</document_has_protocol>
      <document_has_icf>No</document_has_icf>
      <document_has_sap>Yes</document_has_sap>
      <document_date>December 3, 2019</document_date>
      <document_url>https://ClinicalTrials.gov/ProvidedDocs/03/NCT04109703/Prot_SAP_000.pdf</document_url>
    </provided_document>
  </provided_document_section>

  <clinical_results>

    <participant_flow>
      <group_list>
        <group group_id="P1">
          <title>High Level Pulsed Heat</title>
          <description>Subjects randomized to this arm received a generation 5 device (Soovu Labs Inc.) that produced 30 minutes of heat. The heat was delivered as waves peaking at 45° C.
Generation 5 device Soovu Labs Inc.: The Soovu Labs Inc. battery powered device is a one inch diameter heating pod that attaches to the user via a ring system. The device may be programmed to deliver a wide variety of treatment algorithms. Control of the devices are through a phone-based bluetooth connection. The treatment algorithm used for all subjects in this arm pulsed heat to a temperature of 45 degrees C.</description>
        </group>
        <group group_id="P2">
          <title>Low Level Steady Heat</title>
          <description>Subjects randomized to this arm received an identical device (Soovu Labs Inc.) that produced 30 minutes ot heat. The heat was delivered in a steady manner at 37° C.
Generation 5 device Soovu Labs Inc.: The Soovu Labs Inc. battery powered device is a one inch diameter heating pod that attaches to the user via a ring system. The device may be programmed to deliver a wide variety of treatment algorithms. Control of the devices are through a phone-based bluetooth connection. The treatment algorithm used for all subjects in this arm maintained a steady temperature of 37 degrees C.</description>
        </group>
      </group_list>
      <period_list>
        <period>
          <title>Overall Study</title>
          <milestone_list>
            <milestone>
              <title>STARTED</title>
              <participants_list>
                <participants group_id="P1" count="49"/>
                <participants group_id="P2" count="51"/>
              </participants_list>
            </milestone>
            <milestone>
              <title>COMPLETED</title>
              <participants_list>
                <participants group_id="P1" count="49"/>
                <participants group_id="P2" count="51"/>
              </participants_list>
            </milestone>
            <milestone>
              <title>NOT COMPLETED</title>
              <participants_list>
                <participants group_id="P1" count="0"/>
                <participants group_id="P2" count="0"/>
              </participants_list>
            </milestone>
          </milestone_list>
        </period>
      </period_list>
    </participant_flow>

    <baseline>
      <group_list>
        <group group_id="B1">
          <title>High Level Pulsed Heat</title>
          <description>Subjects randomized to this arm received a generation 5 device (Soovu Labs Inc.) that produced 30 minutes of heat. The heat was delivered as waves peaking at 45° C.
Generation 5 device Soovu Labs Inc.: The Soovu Labs Inc. battery powered device is a one inch diameter heating pod that attaches to the user via a ring system. The device may be programmed to deliver a wide variety of treatment algorithms. Control of the devices are through a phone-based bluetooth connection.</description>
        </group>
        <group group_id="B2">
          <title>Low Level Steady Heat</title>
          <description>Subjects randomized to this arm received an identical device (Soovu Labs Inc.) that produced 30 minutes ot heat. The heat was delivered in a steady manner at 37° C.
Generation 5 device Soovu Labs Inc.: The Soovu Labs Inc. battery powered device is a one inch diameter heating pod that attaches to the user via a ring system. The device may be programmed to deliver a wide variety of treatment algorithms. Control of the devices are through a phone-based bluetooth connection.</description>
        </group>
        <group group_id="B3">
          <title>Total</title>
          <description>Total of all reporting groups</description>
        </group>
      </group_list>
      <analyzed_list>
        <analyzed>
          <units>Participants</units>
          <scope>Overall</scope>
          <count_list>
            <count group_id="B1" value="49"/>
            <count group_id="B2" value="51"/>
            <count group_id="B3" value="100"/>
          </count_list>
        </analyzed>
      </analyzed_list>
      <measure_list>
        <measure>
          <title>Age</title>
          <description>Starting Numerical Pain Score (NPS 0-10)</description>
          <units>Participants</units>
          <param>Count of Participants</param>
          <class_list>
            <class>
              <analyzed_list>
                <analyzed>
                  <units>Participants</units>
                  <scope>Class</scope>
                  <count_list>
                    <count group_id="B1" value="49"/>
                    <count group_id="B2" value="51"/>
                    <count group_id="B3" value="100"/>
                  </count_list>
                </analyzed>
              </analyzed_list>
              <category_list>
                <category>
                  <title>&lt;=18 years</title>
                  <measurement_list>
                    <measurement group_id="B1" value="0"/>
                    <measurement group_id="B2" value="0"/>
                    <measurement group_id="B3" value="0"/>
                  </measurement_list>
                </category>
                <category>
                  <title>Between 18 and 65 years</title>
                  <measurement_list>
                    <measurement group_id="B1" value="44"/>
                    <measurement group_id="B2" value="48"/>
                    <measurement group_id="B3" value="92"/>
                  </measurement_list>
                </category>
                <category>
                  <title>&gt;=65 years</title>
                  <measurement_list>
                    <measurement group_id="B1" value="5"/>
                    <measurement group_id="B2" value="3"/>
                    <measurement group_id="B3" value="8"/>
                  </measurement_list>
                </category>
              </category_list>
            </class>
          </class_list>
        </measure>
        <measure>
          <title>Sex: Female, Male</title>
          <units>Participants</units>
          <param>Count of Participants</param>
          <class_list>
            <class>
              <analyzed_list>
                <analyzed>
                  <units>Participants</units>
                  <scope>Class</scope>
                  <count_list>
                    <count group_id="B1" value="49"/>
                    <count group_id="B2" value="51"/>
                    <count group_id="B3" value="100"/>
                  </count_list>
                </analyzed>
              </analyzed_list>
              <category_list>
                <category>
                  <title>Female</title>
                  <measurement_list>
                    <measurement group_id="B1" value="33"/>
                    <measurement group_id="B2" value="34"/>
                    <measurement group_id="B3" value="67"/>
                  </measurement_list>
                </category>
                <category>
                  <title>Male</title>
                  <measurement_list>
                    <measurement group_id="B1" value="16"/>
                    <measurement group_id="B2" value="17"/>
                    <measurement group_id="B3" value="33"/>
                  </measurement_list>
                </category>
              </category_list>
            </class>
          </class_list>
        </measure>
        <measure>
          <title>Race and Ethnicity Not Collected</title>
          <population>Race and Ethnicity were not collected from any participant.</population>
          <units>Participants</units>
          <param>Count of Participants</param>
          <class_list>
            <class>
              <analyzed_list>
                <analyzed>
                  <units>Participants</units>
                  <scope>Class</scope>
                  <count_list>
                    <count group_id="B1" value="0"/>
                    <count group_id="B2" value="0"/>
                    <count group_id="B3" value="0"/>
                  </count_list>
                </analyzed>
              </analyzed_list>
              <category_list>
                <category>
                  <measurement_list>
                    <measurement group_id="B3" value="0"/>
                  </measurement_list>
                </category>
              </category_list>
            </class>
          </class_list>
        </measure>
        <measure>
          <title>Region of Enrollment</title>
          <units>participants</units>
          <param>Number</param>
          <class_list>
            <class>
              <title>United States</title>
              <analyzed_list>
                <analyzed>
                  <units>Participants</units>
                  <scope>Class</scope>
                  <count_list>
                    <count group_id="B1" value="49"/>
                    <count group_id="B2" value="51"/>
                    <count group_id="B3" value="100"/>
                  </count_list>
                </analyzed>
              </analyzed_list>
              <category_list>
                <category>
                  <measurement_list>
                    <measurement group_id="B1" value="49"/>
                    <measurement group_id="B2" value="51"/>
                    <measurement group_id="B3" value="100"/>
                  </measurement_list>
                </category>
              </category_list>
            </class>
          </class_list>
        </measure>
        <measure>
          <title>Numerical Pain Scale (NPS)</title>
          <description>The Numeric Pain Scale is a 0-10 scale. It is validated over multiple populations and is a research standard for assessing pain.</description>
          <units>units on a scale</units>
          <param>Mean</param>
          <dispersion>Standard Deviation</dispersion>
          <class_list>
            <class>
              <analyzed_list>
                <analyzed>
                  <units>Participants</units>
                  <scope>Class</scope>
                  <count_list>
                    <count group_id="B1" value="49"/>
                    <count group_id="B2" value="51"/>
                    <count group_id="B3" value="100"/>
                  </count_list>
                </analyzed>
              </analyzed_list>
              <category_list>
                <category>
                  <measurement_list>
                    <measurement group_id="B1" value="5.56" spread="0.06"/>
                    <measurement group_id="B2" value="5.55" spread="0.07"/>
                    <measurement group_id="B3" value="5.55" spread="0.06"/>
                  </measurement_list>
                </category>
              </category_list>
            </class>
          </class_list>
        </measure>
      </measure_list>
    </baseline>

    <outcome_list>
      <outcome>
        <type>Primary</type>
        <title>Pain Rating</title>
        <description>Numerical Pain Score (NPS) Range Zero (minimum) through ten (maximum score) thirty minutes after completion of the treatment session.</description>
        <time_frame>Changes in the Numerical Pain Scale will be compared between baseline and 30 minutes after minutes of treatment.</time_frame>
        <group_list>
          <group group_id="O1">
            <title>High Level Pulsed Heat</title>
            <description>Subjects randomized to this arm received a generation 5 device (Soovu Labs Inc.) that produced 30 minutes of heat. The heat was delivered as waves peaking at 45° C.
Generation 5 device Soovu Labs Inc.: The Soovu Labs Inc. battery powered device is a one inch diameter heating pod that attaches to the user via a ring system. The device may be programmed to deliver a wide variety of treatment algorithms. Control of the devices are through a phone-based bluetooth connection.</description>
          </group>
          <group group_id="O2">
            <title>Low Level Steady Heat</title>
            <description>Subjects randomized to this arm received an identical device (Soovu Labs Inc.) that produced 30 minutes ot heat. The heat was delivered in a steady manner at 37° C.
Generation 5 device Soovu Labs Inc.: The Soovu Labs Inc. battery powered device is a one inch diameter heating pod that attaches to the user via a ring system. The device may be programmed to deliver a wide variety of treatment algorithms. Control of the devices are through a phone-based bluetooth connection.</description>
          </group>
        </group_list>
        <measure>
          <title>Pain Rating</title>
          <description>Numerical Pain Score (NPS) Range Zero (minimum) through ten (maximum score) thirty minutes after completion of the treatment session.</description>
          <units>reduction in pain score on a scale</units>
          <param>Mean</param>
          <dispersion>Standard Error</dispersion>
          <analyzed_list>
            <analyzed>
              <units>Participants</units>
              <scope>Measure</scope>
              <count_list>
                <count group_id="O1" value="49"/>
                <count group_id="O2" value="51"/>
              </count_list>
            </analyzed>
          </analyzed_list>
          <class_list>
            <class>
              <category_list>
                <category>
                  <measurement_list>
                    <measurement group_id="O1" value="-1.40" spread="0.016"/>
                    <measurement group_id="O2" value="-0.68" spread="0.019"/>
                  </measurement_list>
                </category>
              </category_list>
            </class>
          </class_list>
        </measure>
        <analysis_list>
          <analysis>
            <group_id_list>
              <group_id>O1</group_id>
              <group_id>O2</group_id>
            </group_id_list>
            <groups_desc>Demographic and clinical characteristics were tabulated by randomization group. The primary outcome was change in pain score from baseline to 30 minutes after treatment ended. Linear regression was used to compare differences in primary outcome between treatment and control groups adjusting for initial pain level. Unadjusted comparisons are also presented. Change in pain scores at each other post baseline time point were similarly analyzed.</groups_desc>
            <non_inferiority_type>Other</non_inferiority_type>
            <non_inferiority_desc>The hypothesis is that the high level pulsed heat group will show statistically more pain relief than the low level steady heat group.</non_inferiority_desc>
            <p_value>&lt;0.05</p_value>
            <method>Regression, Linear</method>
            <method_desc>Linear regression was used to compare differences in primary outcome between treatment and control groups adjusting for initial pain level.</method_desc>
          </analysis>
        </analysis_list>
      </outcome>
      <outcome>
        <type>Other Pre-specified</type>
        <title>Pain Relief 30 Minutes After the Intervention</title>
        <description>Numerical Pain Scale Range Zero (minimum) through ten (maximum score) In this study a lower number on the Numeric Pain Scale means the subject(s) has less pain. Less pain particularly in the experimental group is a better outcome.</description>
        <time_frame>Changes in the Numerical Pain Scale will be compared between baseline and thirty minutes post intervention.</time_frame>
        <population>All subjects with longstanding chronic low back pain median duration 10 years. Subjects who received the high level pulsed heat device with heat pulses up to 45 degrees C. Steady heat subjects received a device that heated to 37 degrees C at a steady level.</population>
        <group_list>
          <group group_id="O1">
            <title>High Level Pulsed Heat</title>
            <description>Subjects who received the high level pulsed heat device with heat pulses up to 45 degrees C.</description>
          </group>
          <group group_id="O2">
            <title>Steady Heat Group</title>
            <description>Subjects who received the steady heat device with heat received a steady level of heat at 37 degrees C.</description>
          </group>
        </group_list>
        <measure>
          <title>Pain Relief 30 Minutes After the Intervention</title>
          <description>Numerical Pain Scale Range Zero (minimum) through ten (maximum score) In this study a lower number on the Numeric Pain Scale means the subject(s) has less pain. Less pain particularly in the experimental group is a better outcome.</description>
          <population>All subjects with longstanding chronic low back pain median duration 10 years. Subjects who received the high level pulsed heat device with heat pulses up to 45 degrees C. Steady heat subjects received a device that heated to 37 degrees C at a steady level.</population>
          <units>units on a scale</units>
          <param>Mean</param>
          <dispersion>Standard Error</dispersion>
          <analyzed_list>
            <analyzed>
              <units>Participants</units>
              <scope>Measure</scope>
              <count_list>
                <count group_id="O1" value="49"/>
                <count group_id="O2" value="51"/>
              </count_list>
            </analyzed>
          </analyzed_list>
          <class_list>
            <class>
              <category_list>
                <category>
                  <measurement_list>
                    <measurement group_id="O1" value="-1.40" spread="0.016"/>
                    <measurement group_id="O2" value="-0.68" spread="0.019"/>
                  </measurement_list>
                </category>
              </category_list>
            </class>
          </class_list>
        </measure>
      </outcome>
    </outcome_list>

    <reported_events>
      <time_frame>6 months including duration of study until mid November 2019</time_frame>
      <group_list>
        <group group_id="E1">
          <title>High Level Pulsed Heat</title>
          <description>Subjects in this group received the active (experimental) device that utilized high level pulsed heat to a temperature of 45 degrees C.</description>
        </group>
        <group group_id="E2">
          <title>Low Level Steady Heat Group</title>
          <description>Subjects in this group received the control device that utilized steady heat at a temperature of 37 degrees C.</description>
        </group>
      </group_list>
      <serious_events>
        <category_list>
          <category>
            <title>Total</title>
            <event_list>
              <event>
                <sub_title>Total, all-cause mortality</sub_title>
                <counts group_id="E1" subjects_affected="0" subjects_at_risk="49"/>
                <counts group_id="E2" subjects_affected="0" subjects_at_risk="51"/>
              </event>
              <event>
                <sub_title>Total, serious adverse events</sub_title>
                <counts group_id="E1" subjects_affected="0" subjects_at_risk="49"/>
                <counts group_id="E2" subjects_affected="0" subjects_at_risk="51"/>
              </event>
            </event_list>
          </category>
        </category_list>
      </serious_events>
      <other_events>
        <frequency_threshold>0</frequency_threshold>
        <category_list>
          <category>
            <title>Total</title>
            <event_list>
              <event>
                <sub_title>Total, other adverse events</sub_title>
                <counts group_id="E1" subjects_affected="0" subjects_at_risk="49"/>
                <counts group_id="E2" subjects_affected="0" subjects_at_risk="51"/>
              </event>
            </event_list>
          </category>
        </category_list>
      </other_events>
    </reported_events>

    <certain_agreements>
      <pi_employee>All Principal Investigators ARE employed by the organization sponsoring the study.</pi_employee>
      <restrictive_agreement>There is NOT an agreement between Principal Investigators and the Sponsor (or its agents) that restricts the PI's rights to discuss or publish trial results after the trial is completed. </restrictive_agreement>
    </certain_agreements>
    <point_of_contact>
      <name_or_title>Charles Chabal, MD</name_or_title>
      <organization>Soovu Labs</organization>
      <phone>206-579-4910</phone>
      <email>Chuck@Soovu.com</email>
    </point_of_contact>
  </clinical_results>
</clinical_study>

