<?xml version="1.0" encoding="UTF-8"?>
<clinical_study rank="8155">
  <!-- This xml conforms to an XML Schema at:
    https://clinicaltrials.gov/ct2/html/images/info/public.xsd -->
  <required_header>
    <download_date>ClinicalTrials.gov processed this data on April 03, 2020</download_date>
    <link_text>Link to the current ClinicalTrials.gov record.</link_text>
    <url>https://clinicaltrials.gov/show/NCT00001247</url>
  </required_header>
  <id_info>
    <org_study_id>890160</org_study_id>
    <secondary_id>89-M-0160</secondary_id>
    <nct_id>NCT00001247</nct_id>
  </id_info>
  <brief_title>Inpatient Evaluation of Adults With Schizophrenia</brief_title>
  <official_title>Inpatient Evaluation of Neuropsychiatric Patients</official_title>
  <sponsors>
    <lead_sponsor>
      <agency>National Institute of Mental Health (NIMH)</agency>
      <agency_class>NIH</agency_class>
    </lead_sponsor>
  </sponsors>
  <source>National Institutes of Health Clinical Center (CC)</source>
  <brief_summary>
    <textblock>
      The purpose of this study is to understand the biologic basis of schizophrenia and to
      determine which symptoms are related to the illness itself and which are related to
      medications used to treat the illness.

      Schizophrenia and related psychoses are chronic brain disorders whose prognosis is often poor
      and whose pathophysiology remains obscure. Brain imaging technologies such s positron
      emission tomography (PET), functional magnetic resonance imaging (fMRI), and magnetic
      resonance imaging (MRI) offer opportunities to study the pathophysiology of psychotic
      disorders by evaluating brain function. However, the use of anti-psychotic drugs may
      interfere with the results of such studies. In this study, psychotropic medication will be
      discontinued in patients for a short period of time to distinguish the effects of the illness
      on the brain without the interference of the medication's effects on the brain. Given that
      there is a risk that the patient's symptoms will increase, they are asked to stay on an
      inpatient unit where the NIMH clinical staff is available to help them 24 hours a day.

      This study will be conducted in three phases. In Phase 1, participants will be admitted to
      the Clinical Center while continuing to take their medication and will undergo diagnostic
      interviews, physical and laboratory assessments, physiological monitoring, and
      neuropsychological testing. Behavioral ratings will also be performed and blood and urine
      samples will be collected. During Phase 2, participants will continue taking medications in a
      blinded fashion for 8 to 12 weeks. The active medications will be replaced with a placebo (an
      inactive pill) part of that time. PET, fMRI, and MRI scans will be used to monitor how the
      continuation or lack of medication affects the brain. Psychological tests will also be given
      to measure changes in cognition. In Phase 3, participants will have the opportunity for
      clinical stabilization.
    </textblock>
  </brief_summary>
  <detailed_description>
    <textblock>
      Objectives:

      Schizophrenia and related psychoses are chronic brain disorders whose prognosis is often poor
      and whose pathophysiology remains obscure. Neuroimaging technologies such as PET (positron
      emission tomography), fMRI (functional magnetic resonance imaging), DTI (diffusion tensor
      imaging) and MRSI (magnetic resonance spectroscopic imaging) offer opportunities to elucidate
      the pathophysiology by studying brain function in living research subjects. The use of these
      techniques to study psychotic disorders is severely limited, however, by a critical
      methodological confound: antipsychotic treatment. The purpose of this protocol is to admit
      research subjects with schizophrenia and other related disorders to the Clinical Center,
      carefully evaluate their neuropsychiatric status, and discontinue psychotropic medications
      for a brief period so research subjects can be studied without the confound of antipsychotic
      treatment.

      Study Population:

      700 participants

      The study will include research subjects with schizophrenia.

      Study Design:

      There are several phases to this protocol. The first phase is the Screening Evaluation and
      Stabilization Phase ( Standard part of the protocol) and includes gathering historical data,
      structured diagnostic interviews, general physical and laboratory assessments, basic
      physiological monitoring, neuropsychological testing, limited collection of blood and urine
      samples, and serial behavioral ratings. In the second phase (Coded Medication Phase or Coded
      part of the protocol), research subjects will receive blinded compounds that will contain
      inactive placebo or active antipsychotic administered in a crossover fashion. Patients and
      unit clinical nursing staff evaluating and caring for the patient will be blind to arm
      status. Each arm normally lasts 4 to 6 weeks. The total duration of this phase is 8 to 12
      weeks. During the Coded Medication Phase, research subjects are enrolled in a series of
      neuroimaging and other approved studies designed to elucidate the neurobiology of these
      disorders. These include studies using neuropsychological testing, MEG, PET, fMRI, DTI, and
      MRSI. The antipsychotic free period is essential to distinguish the effects of illness versus
      medication.

      Outcome Measures:

      Parameters under investigation include traits that are candidate phenotypes for genetic
      studies and state-dependent aspects of brain function. The combined use of many neuroimaging
      modalities will allow us to look at the functional relationship between a variety of brain
      abnormalities hypothesized to play a role in schizophrenia. These include hippocampal
      neurochemical abnormalities, deficits in prefrontal cortical activation, and dysregulation of
      subcortical dopamine in a single research subject.
    </textblock>
  </detailed_description>
  <overall_status>Recruiting</overall_status>
  <start_date>September 13, 1989</start_date>
  <study_type>Observational</study_type>
  <has_expanded_access>No</has_expanded_access>
  <study_design_info>
    <observational_model>Cohort</observational_model>
    <time_perspective>Prospective</time_perspective>
  </study_design_info>
  <primary_outcome>
    <measure>To explore the neuropsychological response in research subjects withschizophrenia under placebo conditions without the confounding effect of antipsychotics.</measure>
    <time_frame>Ongoing</time_frame>
    <description>To explore the neuropsychological response in research subjects withschizophrenia under placebo conditions without the confounding effect of antipsychotics.</description>
  </primary_outcome>
  <primary_outcome>
    <measure>To map the physiological fMRI BOLD response, the brain electrical activity through MEG response and the blood flow, presynaptic and post-synaptic dopaminergic function through PET studies during different cognitive tasks</measure>
    <time_frame>Ongoing</time_frame>
    <description>To map the physiological fMRI BOLD response, the brain electrical activity through MEG response and the blood flow, presynaptic and post-synaptic dopaminergic function through PET studies during different cognitive tasks</description>
  </primary_outcome>
  <secondary_outcome>
    <measure>PANSS data will be collected to determine changes or lack thereof in clinical status during the protocol.</measure>
    <time_frame>Ongoing</time_frame>
    <description>PANSS data will be collected to determine changes or lack thereof in clinical status during the protocol.</description>
  </secondary_outcome>
  <number_of_groups>1</number_of_groups>
  <enrollment type="Anticipated">700</enrollment>
  <condition>Schizophrenia</condition>
  <arm_group>
    <arm_group_label>1</arm_group_label>
    <description>Individuals with schizophrenia-spectrum illness from the community.</description>
  </arm_group>
  <eligibility>
    <study_pop>
      <textblock>
        Individuals with schizophrenia-spectrum illness from the community.
      </textblock>
    </study_pop>
    <sampling_method>Non-Probability Sample</sampling_method>
    <criteria>
      <textblock>
        -  INCLUSION CRITERIA:

          -  Age 18 or older

          -  Male or female

          -  Diagnosis of Schizophrenia, Schizoaffective Disorder or Psychosis NOS. Subjects with
             other neuropsychiatric disorders may also be admitted and participate in the protocol
             if there is sufficient evidence to believe they have an underlying, undiagnosed
             schizophrenia, schizoaffective disorder or psychosis NOS.

        EXCLUSION CRITERIA:

          -  Currently treated with depot medications. Because of the long half-life of depot
             medications such as paliperidone palmitate (Invega Sustenna), applicants to our
             program will be excluded if they are currently receiving depot medications monthly.
             However, applicants may decide to switch from depot to oral medications on their own,
             in conjunction with their personal physician, before coming to the program. This is
             not part of research and we do not participate in this decision. A sufficient washout
             period based on the particular long-acting injectable medication s elimination
             half-life will be required in order for prospective participants to be eligible. Most
             such medications require a 6-month washout period, but some with shorter elimination
             half-lives, such as risperidone powder (Risperdal Consta), only require 3 months.
             Subjects may complete the last 3 months of washout in the inpatient unit while being
             evaluated during the Screening Evaluation and Stabilization Phase.

          -  Major medical illness. Research subjects identified as having major medical problems
             other than their primary neuropsychiatric disorder will be excluded from admission.

          -  Applicants judged to be unsuitable for medication free studies will also be excluded.
             Possible reasons for exclusion include prior history of dangerousness to self or
             others, particularly when off medication.

          -  Applicants who are pregnant are excluded from this study. Volunteers who are found to
             be pregnant after testing will be terminated from study and referred to an OB-GYN for
             follow up care.

          -  Infection with syphilis, hepatitis, or HIV.

          -  History of of any (excepting nicotine-related) DSM5-defined moderate to severe
             substance use disorder (or DSM-IV-defined substance dependence).

          -  Cumulative lifetime history of any (excepting nicotine-related) DSM5-defined mild
             substance use disorder (or any DSM-IV-defined substance abuse), either in excess of 5
             years total or not in remission for at least 6 months.

          -  Lack of capacity to provide consent.

        Exclusion Criteria for Previously Enrolled Research Subjects

          -  No longer satisfying the above inclusion criteria or meeting any of the above
             exclusion criteria

          -  Inability to safely participate in planned research (e.g., development of acute
             suicidal behavior during prior research participation)

          -  Unlikely to provide sufficient additional research data
      </textblock>
    </criteria>
    <gender>All</gender>
    <minimum_age>18 Years</minimum_age>
    <maximum_age>N/A</maximum_age>
    <healthy_volunteers>No</healthy_volunteers>
  </eligibility>
  <overall_official>
    <last_name>Daniel P Eisenberg, M.D.</last_name>
    <role>Principal Investigator</role>
    <affiliation>National Institute of Mental Health (NIMH)</affiliation>
  </overall_official>
  <overall_contact>
    <last_name>Vincent L Del Balzo</last_name>
    <phone>(301) 435-8974</phone>
    <email>vincent.delbalzo@nih.gov</email>
  </overall_contact>
  <overall_contact_backup>
    <last_name>Daniel P Eisenberg, M.D.</last_name>
    <phone>(301) 402-5483</phone>
    <email>eisenbergd@mail.nih.gov</email>
  </overall_contact_backup>
  <location>
    <facility>
      <name>National Institutes of Health Clinical Center, 9000 Rockville Pike</name>
      <address>
        <city>Bethesda</city>
        <state>Maryland</state>
        <zip>20892</zip>
        <country>United States</country>
      </address>
    </facility>
    <status>Recruiting</status>
  </location>
  <location_countries>
    <country>United States</country>
  </location_countries>
  <link>
    <url>https://clinicalstudies.info.nih.gov/cgi/detail.cgi?A_1989-M-0160.html</url>
    <description>NIH Clinical Center Detailed Web Page</description>
  </link>
  <reference>
    <citation>Egan MF, Goldberg TE, Kolachana BS, Callicott JH, Mazzanti CM, Straub RE, Goldman D, Weinberger DR. Effect of COMT Val108/158 Met genotype on frontal lobe function and risk for schizophrenia. Proc Natl Acad Sci U S A. 2001 Jun 5;98(12):6917-22. Epub 2001 May 29.</citation>
    <PMID>11381111</PMID>
  </reference>
  <reference>
    <citation>Meyer-Lindenberg A, Miletich RS, Kohn PD, Esposito G, Carson RE, Quarantelli M, Weinberger DR, Berman KF. Reduced prefrontal activity predicts exaggerated striatal dopaminergic function in schizophrenia. Nat Neurosci. 2002 Mar;5(3):267-71.</citation>
    <PMID>11865311</PMID>
  </reference>
  <verification_date>October 31, 2019</verification_date>
  <study_first_submitted>November 3, 1999</study_first_submitted>
  <study_first_submitted_qc>November 3, 1999</study_first_submitted_qc>
  <study_first_posted type="Estimate">November 4, 1999</study_first_posted>
  <last_update_submitted>March 12, 2020</last_update_submitted>
  <last_update_submitted_qc>March 12, 2020</last_update_submitted_qc>
  <last_update_posted type="Actual">March 13, 2020</last_update_posted>
  <responsible_party>
    <responsible_party_type>Sponsor</responsible_party_type>
  </responsible_party>
  <keyword>Schizophrenia</keyword>
  <keyword>Psychosis</keyword>
  <keyword>Schizoaffective</keyword>
  <keyword>Neuroimaging</keyword>
  <keyword>Cognition</keyword>
  <keyword>Schizoaffective Disorder</keyword>
  <condition_browse>
    <!-- CAUTION:  The following MeSH terms are assigned with an imperfect algorithm            -->
    <mesh_term>Schizophrenia</mesh_term>
  </condition_browse>
  <!-- Results have not yet been posted for this study                                          -->
</clinical_study>

