<?xml version="1.0" encoding="UTF-8"?>
<clinical_study rank="3598">
  <!-- This xml conforms to an XML Schema at:
    https://clinicaltrials.gov/ct2/html/images/info/public.xsd -->
  <required_header>
    <download_date>ClinicalTrials.gov processed this data on April 03, 2020</download_date>
    <link_text>Link to the current ClinicalTrials.gov record.</link_text>
    <url>https://clinicaltrials.gov/show/NCT00000759</url>
  </required_header>
  <id_info>
    <org_study_id>ACTG 188</org_study_id>
    <nct_id>NCT00000759</nct_id>
  </id_info>
  <brief_title>Neurodevelopmental and Neurological Study of Infants and Children With HIV-1 Infection and AIDS in Clinical Trials</brief_title>
  <official_title>Neurodevelopmental and Neurological Study of Infants and Children With HIV-1 Infection and AIDS in Clinical Trials</official_title>
  <sponsors>
    <lead_sponsor>
      <agency>National Institute of Allergy and Infectious Diseases (NIAID)</agency>
      <agency_class>NIH</agency_class>
    </lead_sponsor>
    <collaborator>
      <agency>Eunice Kennedy Shriver National Institute of Child Health and Human Development (NICHD)</agency>
      <agency_class>NIH</agency_class>
    </collaborator>
  </sponsors>
  <source>National Institute of Allergy and Infectious Diseases (NIAID)</source>
  <brief_summary>
    <textblock>
      AS PER AMENDMENT 10/24/96: To develop a domain/construct-driven neuropsychological and
      neurological battery. Scaling of instruments to allow measurement of functions from infancy
      to early adulthood; establish reliability and validity of the new instruments developed for
      the NIMH Neurodevelopmental Battery. Downward extension of cognitive domains into infancy and
      early childhood. To describe and compare outcomes when assessing level of development versus
      rate of change. Describe and compare the outcomes from a global assessment of
      neurodevelopment (e.g., a standardized I.Q. score) versus discrete assessments (e.g.,
      functional domains such as motor or language skills). Develop guidelines for multicultural
      neuropsychological and neurological assessment within a clinical trials design. Describe the
      nature of impaired developmental abilities and course of the disease in infants and children.

      The assessment of children who sustain central nervous system (CNS) insult requires
      approaches that differ in several ways from adult-based assessment. The rapid changes that
      occur in the developing CNS as well as in behavior reflect underlying processes of growth and
      development.
    </textblock>
  </brief_summary>
  <detailed_description>
    <textblock>
      The assessment of children who sustain central nervous system (CNS) insult requires
      approaches that differ in several ways from adult-based assessment. The rapid changes that
      occur in the developing CNS as well as in behavior reflect underlying processes of growth and
      development.

      This study will be conducted as a nested substudy within ACTG 152. AS PER AMENDMENT 10/24/97:
      ACTG 188 was originally a nested study within ACTG 152, a three-arm clinical drug trial, but,
      due to recruitment limitations, expanded to include other protocol and non-protocol children
      with HIV-1 infection.

      It will include 225 HIV-infected patients from ACTG 152, as well as an additional 450
      non-infected participants recruited for two comparison groups, one consisting of seronegative
      infants and children with perinatal exposure to HIV and a second group without perinatal
      exposure to HIV. AS PER AMENDMENT 10/24/96: Patients in the HIV-unexposed and uninfected
      group are discontinued from the study and remaining patients are reassigned to two new age
      groups: 3 months to 41 months and 30 days or 42 months to 9 years, 11 months, 30 days.
      Patients 33 months or older but less than 42 months are discontinued from the study, those
      patients less than 33 months at the time of enrollment are graduated from the study at the
      age of 42 months.

      A neurological assessment battery will evaluate the following domains: growth, sensory, tone,
      motor, posture, locomotion, hand use, deep tendon reflexes, abnormal movements, language, and
      behavior. Participants will be asked to do different kinds of activities such as talking,
      listening, and drawing, and to play games that involve walking, jumping, concentration, and
      memory. All participants will be assessed at clinic visits and followed for 72 weeks. AS PER
      AMENDMENT 10/23/97: A modified version of the neurological battery will be discontinued from
      interim follow-up evaluations and will be administered one last time as part of the exit
      evaluation.
    </textblock>
  </detailed_description>
  <overall_status>Completed</overall_status>
  <study_type>Observational</study_type>
  <has_expanded_access>No</has_expanded_access>
  <study_design_info>
    <observational_model>Natural History</observational_model>
  </study_design_info>
  <enrollment>675</enrollment>
  <condition>HIV Infections</condition>
  <eligibility>
    <criteria>
      <textblock>
        Inclusion Criteria

        Participants must have:

        AS PER AMENDMENT 10/24/96:

          -  Signed, informed consent from a parent or legal guardian for patients under 18 years
             of age.

        HIV-Infected Group: Documentation of HIV infection from a state-licensed lab as follows:
        Children &gt; one month of age:

          -  Documentation of current or prior enrollment in an investigational drug therapy or
             other research protocol in which the protocol inclusion criteria specify HIV infection
             OR laboratory evidence of vertically transmitted HIV infection as demonstrated on two
             separate peripheral blood samples by either a positive viral culture (blood or
             cerebrospinal fluid) OR detectably serum p24 antigen OR positive HIV-DNA PCR.

        Children &gt;= 18 months of age:

          -  Fulfillment of above criteria OR &gt;= 2 positive tests for HIV antibody (two different
             specimens) determined by a federally-licensed test kit for detection of antibody,
             confirmed by an independent supplemental test.

          -  Documentation of presumption of maternal HIV infection at or prior to the birth of the
             child.

        HIV-Exposed, Uninfected Group: Children &lt; 18 months of age:

          -  At least two negative tests for direct detection of HIV (viral culture and/or antigen
             detection and/or PCR assay and normal immunologic function.

        Children &gt;= 18 months of age:

          -  Negative serological test by an FDA-licensed test kit for detection of HIV antibody
             performed on a specimen obtained at &gt;= 18 months of age.

          -  Documentation of presence of maternal HIV infection at or prior to the birth of the
             child.

        Exclusion Criteria

        Co-existing Condition:

        Patients with the following conditions are excluded:

        AS PER AMENDMENT 10/24/96:

          -  Central nervous system (CNS) disorders including poorly controlled seizure disorder
             while on anticonvulsant therapy, evidence of neuroimaging abnormality resulting from a
             traumatic brain injury or major congenital malformations associated with CNS
             dysfunction.

          -  Genetic diseases including:

          -  inborn errors of metabolism, inherited genetic diseases that would compromise CNS
             function, chromosomal disorder that would compromise CNS function, cystic fibrosis,
             muscular dystrophy, sickle cell anemia.

          -  Juvenile onset diabetes.

          -  Organ transplant recipients.

          -  Deafness or blindness.

        Concurrent Medication:

        Excluded:

          -  Intrathecal or intraventricular chemotherapy.

        Concurrent Treatment:

        Excluded:

          -  Cranial or spinal radiation therapy.

        Patients with the following prior conditions are excluded:

          -  Traumatic brain injury with loss of consciousness of &gt; 24 hours and/or skull fracture.

          -  Prematurity including:

          -  intraventricular hemorrhage &gt; grade 2, requirement for mechanical ventilation for &gt; 28
             days, seizures or another perinatal brain injury history including history of
             hydrocephaly.

        Prior Medication:

        Excluded:

          -  Intrathecal or intraventricular chemotherapy.

        Prior Treatment:

        Excluded:

          -  Cranial or spinal radiation therapy.
      </textblock>
    </criteria>
    <gender>All</gender>
    <minimum_age>3 Months</minimum_age>
    <maximum_age>8 Years</maximum_age>
    <healthy_volunteers>No</healthy_volunteers>
  </eligibility>
  <overall_official>
    <last_name>Wilson B</last_name>
    <role>Study Chair</role>
  </overall_official>
  <overall_official>
    <last_name>Fletcher J</last_name>
    <role>Study Chair</role>
  </overall_official>
  <overall_official>
    <last_name>Belman A</last_name>
    <role>Study Chair</role>
  </overall_official>
  <location>
    <facility>
      <name>Mount Sinai Med Ctr</name>
      <address>
        <city>New York</city>
        <state>New York</state>
        <zip>10029</zip>
        <country>United States</country>
      </address>
    </facility>
  </location>
  <location_countries>
    <country>United States</country>
  </location_countries>
  <verification_date>June 1998</verification_date>
  <study_first_submitted>November 2, 1999</study_first_submitted>
  <study_first_submitted_qc>August 30, 2001</study_first_submitted_qc>
  <study_first_posted type="Estimate">August 31, 2001</study_first_posted>
  <last_update_submitted>June 23, 2005</last_update_submitted>
  <last_update_submitted_qc>June 23, 2005</last_update_submitted_qc>
  <last_update_posted type="Estimate">June 24, 2005</last_update_posted>
  <keyword>Central Nervous System Diseases</keyword>
  <keyword>Acquired Immunodeficiency Syndrome</keyword>
  <keyword>AIDS-Related Complex</keyword>
  <keyword>Peripheral Nervous System Diseases</keyword>
  <condition_browse>
    <!-- CAUTION:  The following MeSH terms are assigned with an imperfect algorithm            -->
    <mesh_term>Infection</mesh_term>
    <mesh_term>Communicable Diseases</mesh_term>
  </condition_browse>
  <!-- Results have not yet been posted for this study                                          -->
</clinical_study>

