﻿<?xml version="1.0" encoding="UTF-8"?>
<clinical_study rank="3662">
  <!-- This xml conforms to an XML Schema at:
    https://clinicaltrials.gov/ct2/html/images/info/public.xsd -->
  <required_header>
    <download_date>ClinicalTrials.gov processed this data on April 03, 2020</download_date>
    <link_text>Link to the current ClinicalTrials.gov record.</link_text>
    <url>https://clinicaltrials.gov/show/NCT00000815</url>
  </required_header>
  <id_info>
    <org_study_id>ACTG 225</org_study_id>
    <secondary_id>11202</secondary_id>
    <nct_id>NCT00000815</nct_id>
  </id_info>
  <brief_title>A Phase II, Comparative Study of Seroconversion of Single-Dose and Two-Dose Measles Vaccination in HIV-Infected and HIV-Uninfected Children: A Multicenter Trial of the Pediatric AIDS Clinical Trials Group</brief_title>
  <official_title>A Phase II, Comparative Study of Seroconversion of Single-Dose and Two-Dose Measles Vaccination in HIV-Infected and HIV-Uninfected Children: A Multicenter Trial of the Pediatric AIDS Clinical Trials Group</official_title>
  <sponsors>
    <lead_sponsor>
      <agency>National Institute of Allergy and Infectious Diseases (NIAID)</agency>
      <agency_class>NIH</agency_class>
    </lead_sponsor>
    <collaborator>
      <agency>Merck Sharp &amp; Dohme Corp.</agency>
      <agency_class>Industry</agency_class>
    </collaborator>
  </sponsors>
  <source>National Institute of Allergy and Infectious Diseases (NIAID)</source>
  <brief_summary>
    <textblock>
      To compare measles seroconversion rates (development of antibodies) at 13 months of age in
      HIV-infected and uninfected children on one of two immunization schedules: attenuated
      measles/mumps/rubella virus (M-M-R II) vaccine at 12 months versus attenuated measles vaccine
      (Attenuvax) at 6 months plus M-M-R II vaccine at 12 months.

      Recommendations for the age at vaccination should balance the need to minimize the risk of
      morbidity and mortality with the benefit of achieving the highest seroconversion rates.
      Immunizing a more intact immune system at an earlier stage of HIV infection may in turn
      achieve better and long-lasting measles protection. This study will help define a more
      effective measles vaccine regimen for children diagnosed with HIV infection and will provide
      greater insight into the functional status of the HIV-infected children's humoral immune
      system.
    </textblock>
  </brief_summary>
  <detailed_description>
    <textblock>
      Recommendations for the age at vaccination should balance the need to minimize the risk of
      morbidity and mortality with the benefit of achieving the highest seroconversion rates.
      Immunizing a more intact immune system at an earlier stage of HIV infection may in turn
      achieve better and long-lasting measles protection. This study will help define a more
      effective measles vaccine regimen for children diagnosed with HIV infection and will provide
      greater insight into the functional status of the HIV-infected children's humoral immune
      system.

      Patients, HIV infected and uninfected, are randomized to one of two attenuated measles
      vaccine schedules: at 6 and 12 months of age, or at 12 months of age only. Attenuvax is
      administered as the month 6 vaccine and M-M-R II as the month 12 vaccine. Patients are
      followed for 24 months after the last vaccination.
    </textblock>
  </detailed_description>
  <overall_status>Completed</overall_status>
  <completion_date type="Actual">August 2001</completion_date>
  <phase>Phase 2</phase>
  <study_type>Interventional</study_type>
  <has_expanded_access>No</has_expanded_access>
  <study_design_info>
    <allocation>Randomized</allocation>
    <intervention_model>Parallel Assignment</intervention_model>
    <primary_purpose>Treatment</primary_purpose>
    <masking>None (Open Label)</masking>
  </study_design_info>
  <primary_outcome>
    <measure>Comparison of measles seroconversion rates at 13 months of age between HIV-infected children vaccinated at 12 months of age and HIV-infected children vaccinated at 6 and 12 months of age</measure>
    <time_frame>Throughout study</time_frame>
  </primary_outcome>
  <primary_outcome>
    <measure>Comparison of seroconversion rates at 13 months of age (following second vaccination) of HIV-uninfected children with HIV-infected children.</measure>
    <time_frame>Throughout study</time_frame>
  </primary_outcome>
  <primary_outcome>
    <measure>Comparison of seroconversion rates at 13 months of age (following single vaccination) of HIV-uninfected children with HIV-infected children following vaccination at 12 months of age</measure>
    <time_frame>Throughout study</time_frame>
  </primary_outcome>
  <secondary_outcome>
    <measure>Comparison of measles seroconversion rates in HIV-infected children vaccinated at 6 months of age with HIV-infected children vaccinated at 12 months of age</measure>
    <time_frame>Throughout study</time_frame>
  </secondary_outcome>
  <secondary_outcome>
    <measure>Assessment of measles antibody decay and persistence in HIV-infected and HIV-unifected vaccinees</measure>
    <time_frame>Throughout study</time_frame>
  </secondary_outcome>
  <secondary_outcome>
    <measure>Evaluation of adverse effects and immune reactions to vaccine in HIV-infected children and HIV-uninfected vaccinees</measure>
    <time_frame>Throughout study</time_frame>
  </secondary_outcome>
  <number_of_arms>2</number_of_arms>
  <enrollment type="Anticipated">270</enrollment>
  <condition>HIV Infections</condition>
  <condition>Measles</condition>
  <condition>CDC Condition</condition>
  <condition>CDC Condition2</condition>
  <arm_group>
    <arm_group_label>1</arm_group_label>
    <arm_group_type>Experimental</arm_group_type>
    <description>Participants who receive vaccination at 6 and 12 months of age</description>
  </arm_group>
  <arm_group>
    <arm_group_label>2</arm_group_label>
    <arm_group_type>Experimental</arm_group_type>
    <description>Participants who receive vaccination only at 12 months of age</description>
  </arm_group>
  <intervention>
    <intervention_type>Biological</intervention_type>
    <intervention_name>Attenuvax</intervention_name>
    <description>Measles virus vaccine (attenuate)administered subcutaneously at a single dose of 0.5 mL at 6 months of age</description>
    <arm_group_label>1</arm_group_label>
  </intervention>
  <intervention>
    <intervention_type>Biological</intervention_type>
    <intervention_name>M-M-R-II</intervention_name>
    <description>Measles-Mumps-Rubella vaccine (attenuated)administered subcutaneously as a single dose of 0.5 mL at 12 months of age</description>
    <arm_group_label>1</arm_group_label>
    <arm_group_label>2</arm_group_label>
  </intervention>
  <eligibility>
    <criteria>
      <textblock>
        Inclusion Criteria

        Patients must have:

          -  Willing to have and receive results of HIV test

          -  Been born to mothers with HIV infection or history of AIDS-defining condition by CDC
             criteria.

          -  No history of opportunistic infection.

          -  No known exposure to measles within 14 days prior to study entry.

          -  CD4+ lymphocyte count &gt;= 750 cells/mm3 or more than 15% at 6 months of age.

          -  Parent or legal guardian available to give written informed consent and be willing to
             comply with all study requirements.

          -  Childhood immunizations (other than measles) according to current recommendations of
             the Immunization Practice Advisory Committee and American Academy of Pediatrics.

        NOTE:

          -  Coenrollment on other therapeutic protocols (except for ACTG 185) is permitted.

        NOTE:

          -  Patients must be located in a geographical area where measles immunization at 12
             months is standard of care.

        Recommended:

          -  Childhood immunizations other than measles according to current guidelines.

        Exclusion Criteria

        Co-existing Condition:

        Patients with the following symptoms or conditions are excluded:

          -  Intercurrent illness and/or fever for 7 days.

          -  Known sensitivity or allergy to neomycin or eggs.

        Concurrent Medication:

        Excluded:

          -  IVIG.

          -  Uninterrupted or anticipated steroid therapy (&gt;= 2 mg/kg/day) for more than 2 weeks
             duration.

        Patients with the prior condition are excluded:

          -  Platelet count &lt; 50,000/mm3 at any time prior to study entry.

        Prior Medication:

        Excluded:

          -  Any IgG preparation within the past 6 months.
      </textblock>
    </criteria>
    <gender>All</gender>
    <minimum_age>6 Months</minimum_age>
    <maximum_age>7 Months</maximum_age>
    <healthy_volunteers>Accepts Healthy Volunteers</healthy_volunteers>
  </eligibility>
  <overall_official>
    <last_name>Chandwani S</last_name>
    <role>Study Chair</role>
  </overall_official>
  <overall_official>
    <last_name>Krasinski K</last_name>
    <role>Study Chair</role>
  </overall_official>
  <location>
    <facility>
      <name>UAB, Dept. of Ped., Div. of Infectious Diseases</name>
      <address>
        <city>Birmingham</city>
        <state>Alabama</state>
        <zip>35233</zip>
        <country>United States</country>
      </address>
    </facility>
  </location>
  <location>
    <facility>
      <name>Long Beach Memorial Med. Ctr., Miller Children's Hosp.</name>
      <address>
        <city>Long Beach</city>
        <state>California</state>
        <zip>90801</zip>
        <country>United States</country>
      </address>
    </facility>
  </location>
  <location>
    <facility>
      <name>Usc La Nichd Crs</name>
      <address>
        <city>Los Angeles</city>
        <state>California</state>
        <zip>90033</zip>
        <country>United States</country>
      </address>
    </facility>
  </location>
  <location>
    <facility>
      <name>UCLA-Los Angeles/Brazil AIDS Consortium (LABAC) CRS</name>
      <address>
        <city>Los Angeles</city>
        <state>California</state>
        <country>United States</country>
      </address>
    </facility>
  </location>
  <location>
    <facility>
      <name>Children's Hosp. &amp; Research Ctr. Oakland, Ped. Clinical Research Ctr. &amp; Research Lab.</name>
      <address>
        <city>Oakland</city>
        <state>California</state>
        <zip>94609</zip>
        <country>United States</country>
      </address>
    </facility>
  </location>
  <location>
    <facility>
      <name>UCSD Maternal, Child, and Adolescent HIV CRS</name>
      <address>
        <city>San Diego</city>
        <state>California</state>
        <country>United States</country>
      </address>
    </facility>
  </location>
  <location>
    <facility>
      <name>Harbor - UCLA Med. Ctr. - Dept. of Peds., Div. of Infectious Diseases</name>
      <address>
        <city>Torrance</city>
        <state>California</state>
        <country>United States</country>
      </address>
    </facility>
  </location>
  <location>
    <facility>
      <name>Univ. of Colorado Denver NICHD CRS</name>
      <address>
        <city>Aurora</city>
        <state>Colorado</state>
        <country>United States</country>
      </address>
    </facility>
  </location>
  <location>
    <facility>
      <name>Yale Univ. School of Medicine - Dept. of Peds., Div. of Infectious Disease</name>
      <address>
        <city>New Haven</city>
        <state>Connecticut</state>
        <zip>06504</zip>
        <country>United States</country>
      </address>
    </facility>
  </location>
  <location>
    <facility>
      <name>Children's National Med. Ctr., ACTU</name>
      <address>
        <city>Washington</city>
        <state>District of Columbia</state>
        <zip>20010</zip>
        <country>United States</country>
      </address>
    </facility>
  </location>
  <location>
    <facility>
      <name>Howard Univ. Washington DC NICHD CRS</name>
      <address>
        <city>Washington</city>
        <state>District of Columbia</state>
        <zip>20060</zip>
        <country>United States</country>
      </address>
    </facility>
  </location>
  <location>
    <facility>
      <name>Univ. of Florida Jacksonville NICHD CRS</name>
      <address>
        <city>Jacksonville</city>
        <state>Florida</state>
        <country>United States</country>
      </address>
    </facility>
  </location>
  <location>
    <facility>
      <name>Emory Univ. School of Medicine, Dept. of Peds., Div. of Infectious Diseases</name>
      <address>
        <city>Atlanta</city>
        <state>Georgia</state>
        <zip>30306</zip>
        <country>United States</country>
      </address>
    </facility>
  </location>
  <location>
    <facility>
      <name>Cook County Hosp.</name>
      <address>
        <city>Chicago</city>
        <state>Illinois</state>
        <zip>60612</zip>
        <country>United States</country>
      </address>
    </facility>
  </location>
  <location>
    <facility>
      <name>Chicago Children's CRS</name>
      <address>
        <city>Chicago</city>
        <state>Illinois</state>
        <zip>60614</zip>
        <country>United States</country>
      </address>
    </facility>
  </location>
  <location>
    <facility>
      <name>Univ. of Chicago - Dept. of Peds., Div. of Infectious Disease</name>
      <address>
        <city>Chicago</city>
        <state>Illinois</state>
        <country>United States</country>
      </address>
    </facility>
  </location>
  <location>
    <facility>
      <name>Univ. of Illinois College of Medicine at Chicago, Dept. of Peds.</name>
      <address>
        <city>Chicago</city>
        <state>Illinois</state>
        <country>United States</country>
      </address>
    </facility>
  </location>
  <location>
    <facility>
      <name>Tulane/LSU Maternal/Child CRS</name>
      <address>
        <city>New Orleans</city>
        <state>Louisiana</state>
        <country>United States</country>
      </address>
    </facility>
  </location>
  <location>
    <facility>
      <name>Johns Hopkins Hosp. &amp; Health System - Dept. of Peds., Div. of Infectious Diseases</name>
      <address>
        <city>Baltimore</city>
        <state>Maryland</state>
        <country>United States</country>
      </address>
    </facility>
  </location>
  <location>
    <facility>
      <name>Univ. of Maryland Med. Ctr., Div. of Ped. Immunology &amp; Rheumatology</name>
      <address>
        <city>Baltimore</city>
        <state>Maryland</state>
        <country>United States</country>
      </address>
    </facility>
  </location>
  <location>
    <facility>
      <name>HMS - Children's Hosp. Boston, Div. of Infectious Diseases</name>
      <address>
        <city>Boston</city>
        <state>Massachusetts</state>
        <country>United States</country>
      </address>
    </facility>
  </location>
  <location>
    <facility>
      <name>Children's Hospital of Michigan NICHD CRS</name>
      <address>
        <city>Detroit</city>
        <state>Michigan</state>
        <zip>48201</zip>
        <country>United States</country>
      </address>
    </facility>
  </location>
  <location>
    <facility>
      <name>UMDNJ - Robert Wood Johnson</name>
      <address>
        <city>New Brunswick</city>
        <state>New Jersey</state>
        <country>United States</country>
      </address>
    </facility>
  </location>
  <location>
    <facility>
      <name>NJ Med. School CRS</name>
      <address>
        <city>Newark</city>
        <state>New Jersey</state>
        <country>United States</country>
      </address>
    </facility>
  </location>
  <location>
    <facility>
      <name>St. Joseph's Hosp. &amp; Med. Ctr. of New Jersey</name>
      <address>
        <city>Paterson</city>
        <state>New Jersey</state>
        <zip>07503</zip>
        <country>United States</country>
      </address>
    </facility>
  </location>
  <location>
    <facility>
      <name>Children's Hospital at Albany Medical Center, Dept. of Peds.</name>
      <address>
        <city>Albany</city>
        <state>New York</state>
        <zip>12208</zip>
        <country>United States</country>
      </address>
    </facility>
  </location>
  <location>
    <facility>
      <name>North Shore-Long Island Jewish Health System, Dept. of Peds.</name>
      <address>
        <city>Great Neck</city>
        <state>New York</state>
        <zip>11021</zip>
        <country>United States</country>
      </address>
    </facility>
  </location>
  <location>
    <facility>
      <name>Schneider Children's Hosp., Div. of Infectious Diseases</name>
      <address>
        <city>New Hyde Park</city>
        <state>New York</state>
        <zip>11040</zip>
        <country>United States</country>
      </address>
    </facility>
  </location>
  <location>
    <facility>
      <name>NYU Med. Ctr., Dept. of Medicine</name>
      <address>
        <city>New York</city>
        <state>New York</state>
        <zip>10016</zip>
        <country>United States</country>
      </address>
    </facility>
  </location>
  <location>
    <facility>
      <name>Metropolitan Hosp. Ctr.</name>
      <address>
        <city>New York</city>
        <state>New York</state>
        <zip>10029</zip>
        <country>United States</country>
      </address>
    </facility>
  </location>
  <location>
    <facility>
      <name>Metropolitan Hosp. NICHD CRS</name>
      <address>
        <city>New York</city>
        <state>New York</state>
        <zip>10029</zip>
        <country>United States</country>
      </address>
    </facility>
  </location>
  <location>
    <facility>
      <name>Columbia IMPAACT CRS</name>
      <address>
        <city>New York</city>
        <state>New York</state>
        <zip>10032</zip>
        <country>United States</country>
      </address>
    </facility>
  </location>
  <location>
    <facility>
      <name>Incarnation Children's Ctr.</name>
      <address>
        <city>New York</city>
        <state>New York</state>
        <zip>10032</zip>
        <country>United States</country>
      </address>
    </facility>
  </location>
  <location>
    <facility>
      <name>Harlem Hosp. Ctr. NY NICHD CRS</name>
      <address>
        <city>New York</city>
        <state>New York</state>
        <zip>10037</zip>
        <country>United States</country>
      </address>
    </facility>
  </location>
  <location>
    <facility>
      <name>Strong Memorial Hospital Rochester NY NICHD CRS</name>
      <address>
        <city>Rochester</city>
        <state>New York</state>
        <country>United States</country>
      </address>
    </facility>
  </location>
  <location>
    <facility>
      <name>SUNY Stony Brook NICHD CRS</name>
      <address>
        <city>Stony Brook</city>
        <state>New York</state>
        <country>United States</country>
      </address>
    </facility>
  </location>
  <location>
    <facility>
      <name>SUNY Upstate Med. Univ., Dept. of Peds.</name>
      <address>
        <city>Syracuse</city>
        <state>New York</state>
        <zip>13210</zip>
        <country>United States</country>
      </address>
    </facility>
  </location>
  <location>
    <facility>
      <name>DUMC Ped. CRS</name>
      <address>
        <city>Durham</city>
        <state>North Carolina</state>
        <zip>27710</zip>
        <country>United States</country>
      </address>
    </facility>
  </location>
  <location>
    <facility>
      <name>The Children's Hosp. of Philadelphia IMPAACT CRS</name>
      <address>
        <city>Philadelphia</city>
        <state>Pennsylvania</state>
        <country>United States</country>
      </address>
    </facility>
  </location>
  <location>
    <facility>
      <name>Med. Univ. of South Carolina, Div. of Ped. Infectious Diseases</name>
      <address>
        <city>Charleston</city>
        <state>South Carolina</state>
        <country>United States</country>
      </address>
    </facility>
  </location>
  <location>
    <facility>
      <name>Texas Children's Hosp. CRS</name>
      <address>
        <city>Houston</city>
        <state>Texas</state>
        <country>United States</country>
      </address>
    </facility>
  </location>
  <location>
    <facility>
      <name>Childrens Hosp. of the Kings Daughters</name>
      <address>
        <city>Norfolk</city>
        <state>Virginia</state>
        <zip>23507</zip>
        <country>United States</country>
      </address>
    </facility>
  </location>
  <location>
    <facility>
      <name>UW School of Medicine - CHRMC</name>
      <address>
        <city>Seattle</city>
        <state>Washington</state>
        <country>United States</country>
      </address>
    </facility>
  </location>
  <location>
    <facility>
      <name>Univ. Hosp. Ramón Ruiz Arnau, Dept. of Peds.</name>
      <address>
        <city>Bayamon</city>
        <country>Puerto Rico</country>
      </address>
    </facility>
  </location>
  <location>
    <facility>
      <name>San Juan City Hosp. PR NICHD CRS</name>
      <address>
        <city>San Juan</city>
        <country>Puerto Rico</country>
      </address>
    </facility>
  </location>
  <location>
    <facility>
      <name>Univ. of Puerto Rico Ped. HIV/AIDS Research Program CRS</name>
      <address>
        <city>San Juan</city>
        <country>Puerto Rico</country>
      </address>
    </facility>
  </location>
  <location_countries>
    <country>Puerto Rico</country>
    <country>United States</country>
  </location_countries>
  <results_reference>
    <citation>Chandwani S, Beeler J, Li H, Audet S, Smith B, Moye J, Nalin D, Krasinski K; PACTG 225 Study Team. Safety and immunogenicity of early measles vaccination in children born to HIV-infected mothers in the United States: results of Pediatric AIDS Clinical Trials Group (PACTG) protocol 225. J Infect Dis. 2011 Jul;204 Suppl 1:S179-89. doi: 10.1093/infdis/jir089.</citation>
    <PMID>21666159</PMID>
  </results_reference>
  <verification_date>May 2012</verification_date>
  <study_first_submitted>November 2, 1999</study_first_submitted>
  <study_first_submitted_qc>August 30, 2001</study_first_submitted_qc>
  <study_first_posted type="Estimate">August 31, 2001</study_first_posted>
  <last_update_submitted>May 16, 2012</last_update_submitted>
  <last_update_submitted_qc>May 16, 2012</last_update_submitted_qc>
  <last_update_posted type="Estimate">May 18, 2012</last_update_posted>
  <responsible_party>
    <responsible_party_type>Sponsor</responsible_party_type>
  </responsible_party>
  <keyword>Acquired Immunodeficiency Syndrome</keyword>
  <keyword>AIDS-Related Complex</keyword>
  <keyword>Measles-Mumps-Rubella Vaccine</keyword>
  <keyword>Vaccines, Attenuated</keyword>
  <keyword>Measles Vaccine</keyword>
  <keyword>Immunization Schedule</keyword>
  <keyword>Measles Virus</keyword>
  <keyword>Measles</keyword>
  <condition_browse>
    <!-- CAUTION:  The following MeSH terms are assigned with an imperfect algorithm            -->
    <mesh_term>Measles</mesh_term>
  </condition_browse>
  <intervention_browse>
    <!-- CAUTION:  The following MeSH terms are assigned with an imperfect algorithm            -->
    <mesh_term>Vaccines</mesh_term>
  </intervention_browse>
  <!-- Results have not yet been posted for this study                                          -->
</clinical_study>

