<?xml version="1.0" encoding="UTF-8"?>
<clinical_study rank="1870">
  <!-- This xml conforms to an XML Schema at:
    https://clinicaltrials.gov/ct2/html/images/info/public.xsd -->
  <required_header>
    <download_date>ClinicalTrials.gov processed this data on April 03, 2020</download_date>
    <link_text>Link to the current ClinicalTrials.gov record.</link_text>
    <url>https://clinicaltrials.gov/show/NCT00000932</url>
  </required_header>
  <id_info>
    <org_study_id>CPCRA 060</org_study_id>
    <secondary_id>10110</secondary_id>
    <nct_id>NCT00000932</nct_id>
  </id_info>
  <brief_title>A Study of CDC_Test the Long-Term Outcomes of HIV-Positive Patients</brief_title>
  <official_title>A Prospective Study of Long-Term Clinical, Virologic, and Immunologic Outcomes in HIV-Infected Individuals</official_title>
  <sponsors>
    <lead_sponsor>
      <agency>National Institute of Allergy and Infectious Diseases (NIAID)</agency>
      <agency_class>NIH</agency_class>
    </lead_sponsor>
  </sponsors>
  <source>National Institute of Allergy and Infectious Diseases (NIAID)</source>
  <brief_summary>
    <textblock>
      The purpose of this study is to collect information about life spans and HIV-related
      illnesses in multiple groups of HIV-positive patients with varying anti-HIV treatment
      experience, including no treatment at all.

      Anti-HIV treatment has been successful in slowing disease progression in many patients.
      However, there are still questions regarding the best way to use anti-HIV drugs. This study
      is designed to provide long-term monitoring of patients who have already received anti-HIV
      treatment as well as patients who are just beginning treatment or have decided not to receive
      treatment.
    </textblock>
  </brief_summary>
  <detailed_description>
    <textblock>
      Highly active antiretroviral therapy (HAART) often results in short-term benefits for people
      with HIV in terms of reduced plasma viral levels and increased CD4 cell counts. When used at
      an early stage of HIV disease, however, the clinical benefit of HAART is uncertain. Many
      questions still remain regarding the optimal use of antiretroviral therapies, such as the
      timing of initial antiretroviral therapy and the composition of the best combination regimen
      to use initially or after virologic failure. Randomized trials of different starting
      antiretroviral regimens (e.g., FIRST [CPCRA 058]), different regimens after initial virologic
      failure (e.g., PIP [CPCRA 057]), and different management strategies for HIV infection (e.g.,
      bis-POM [CPCRA 039], NvR [CPCRA 042], GART [CPCRA 046], and IL-2 VL/Dose [CPCRA 059] are
      being conducted by the CPCRA. [AS PER AMENDMENT 2/28/01: The MDR-HIV (CPCRA 064) protocol is
      now included as an example of a different management strategy for HIV infection, whereas the
      bis-POM (CPCRA 039) protocol is no longer included.] This study provides a mechanism for
      long-term monitoring of patients enrolled in these trials as well as antiretroviral-naive
      patients who are either starting treatment or electing to defer treatment.

      Patients are divided into 3 groups. Group A consists of patients currently enrolled in or
      currently being followed in an ongoing qualifying study (see Purpose for CPCRA trials which
      qualify). Group B consists of patients previously enrolled in but not currently being
      followed in a qualifying study. Group C consists of antiretroviral-naive patients not
      enrolling in a qualifying study (i.e., patients starting treatment outside the FIRST study or
      patients deferring treatment). Patients in Group A undergo monitoring of selected clinical
      and laboratory parameters (including plasma HIV RNA levels and CD4 cell counts) once every 4
      weeks beginning after completion of all follow-up appointments for all other protocols in
      which they were enrolled. Patients in Groups B and C undergo monitoring of selected clinical
      and laboratory parameters (including plasma HIV RNA levels and CD4 cell counts) once every 4
      months. Patients are followed for at least 5 years. [AS PER AMENDMENT 2/28/01: Patients who
      are not being followed in a qualifying protocol and are antiretroviral naive at enrollment or
      were previously enrolled in the FIRST (CPCRA 058) protocol undergo blood draws at enrollment
      and then annually for measurement of plasma HIV levels by a CPCRA-approved laboratory and
      future CPCRA-approved, HIV-related research. Patients who relocate to a non-CPCRA affiliated
      site are asked to sign a consent for ongoing release (every 4 months) of their medical
      records from their new health care provider to the CPCRA.]
    </textblock>
  </detailed_description>
  <overall_status>Completed</overall_status>
  <start_date>March 1999</start_date>
  <completion_date type="Actual">September 2006</completion_date>
  <primary_completion_date type="Actual">September 2006</primary_completion_date>
  <study_type>Observational</study_type>
  <has_expanded_access>No</has_expanded_access>
  <study_design_info>
    <observational_model>Cohort</observational_model>
    <time_perspective>Prospective</time_perspective>
  </study_design_info>
  <primary_outcome>
    <measure>Clinical disease progression or death</measure>
    <time_frame>Throughout study</time_frame>
  </primary_outcome>
  <secondary_outcome>
    <measure>Survival</measure>
    <time_frame>Throughout study</time_frame>
  </secondary_outcome>
  <secondary_outcome>
    <measure>Selected metabolic, hepatic, and cardiovascular conditions</measure>
    <time_frame>Throughout study</time_frame>
  </secondary_outcome>
  <secondary_outcome>
    <measure>Changes in viral load</measure>
    <time_frame>Throughout study</time_frame>
  </secondary_outcome>
  <secondary_outcome>
    <measure>Changes in CD4 count</measure>
    <time_frame>Throughout study</time_frame>
  </secondary_outcome>
  <secondary_outcome>
    <measure>Changes in HIV treatment methods</measure>
    <time_frame>Throughout study</time_frame>
  </secondary_outcome>
  <number_of_groups>3</number_of_groups>
  <enrollment type="Actual">3669</enrollment>
  <condition>HIV Infections</condition>
  <arm_group>
    <arm_group_label>A</arm_group_label>
    <description>Participants currently enrolled in or currently being followed in an ongoing qualifying study. Qualifying studies can be found in the protocol.</description>
  </arm_group>
  <arm_group>
    <arm_group_label>B</arm_group_label>
    <description>Participants previously enrolled in but not currently being followed in a qualifying study. Qualifying studies can be found in the protocol.</description>
  </arm_group>
  <arm_group>
    <arm_group_label>C</arm_group_label>
    <description>Antiretroviral-naive participants not enrolling in a qualifying study (i.e., patients starting treatment outside the first study or patients deferring treatment)</description>
  </arm_group>
  <eligibility>
    <study_pop>
      <textblock>
        HIV infected individuals
      </textblock>
    </study_pop>
    <sampling_method>Probability Sample</sampling_method>
    <criteria>
      <textblock>
        Inclusion Criteria

        Patients may be eligible for this study if they:

          -  Are 13 years of age or older (consent of parent or guardian required if under the age
             of 18).

          -  Are HIV-positive.

          -  Have either: (1) no previous experience with anti-HIV treatment (defined as no
             previous protease inhibitor or nonnucleoside reverse transcriptase inhibitor use, 1
             week or less of lamivudine use, and 4 weeks or less of cumulative nucleoside reverse
             transcriptase inhibitor use) or (2) current or previous enrollment in a qualifying
             CPCRA study.
      </textblock>
    </criteria>
    <gender>All</gender>
    <minimum_age>13 Years</minimum_age>
    <maximum_age>N/A</maximum_age>
    <healthy_volunteers>No</healthy_volunteers>
  </eligibility>
  <overall_official>
    <last_name>Jay Kostman</last_name>
    <role>Study Chair</role>
  </overall_official>
  <overall_official>
    <last_name>Roberta Luskin-Hawk</last_name>
    <role>Study Chair</role>
  </overall_official>
  <location>
    <facility>
      <name>Dr. M. Estes Med. Practice CRS</name>
      <address>
        <city>Mill Valley</city>
        <state>California</state>
        <zip>94941-3013</zip>
        <country>United States</country>
      </address>
    </facility>
  </location>
  <location>
    <facility>
      <name>Dr. Robert Scott Med. Practice CRS</name>
      <address>
        <city>Oakland</city>
        <state>California</state>
        <zip>94609</zip>
        <country>United States</country>
      </address>
    </facility>
  </location>
  <location>
    <facility>
      <name>East Bay AIDS Ctr. CRS</name>
      <address>
        <city>Oakland</city>
        <state>California</state>
        <zip>94609</zip>
        <country>United States</country>
      </address>
    </facility>
  </location>
  <location>
    <facility>
      <name>Dr. Shawn Hassler Med. Practice CRS</name>
      <address>
        <city>San Francisco</city>
        <state>California</state>
        <zip>94102</zip>
        <country>United States</country>
      </address>
    </facility>
  </location>
  <location>
    <facility>
      <name>Positive Health Program Clinic (San Francisco Gen. Hosp.) CRS</name>
      <address>
        <city>San Francisco</city>
        <state>California</state>
        <zip>94110</zip>
        <country>United States</country>
      </address>
    </facility>
  </location>
  <location>
    <facility>
      <name>Dr. Virginia Cafaro Med. Practice CRS</name>
      <address>
        <city>San Francisco</city>
        <state>California</state>
        <zip>94114-1010</zip>
        <country>United States</country>
      </address>
    </facility>
  </location>
  <location>
    <facility>
      <name>Dr. William Owen Med. Practice CRS</name>
      <address>
        <city>San Francisco</city>
        <state>California</state>
        <zip>94114-1010</zip>
        <country>United States</country>
      </address>
    </facility>
  </location>
  <location>
    <facility>
      <name>Castro-Mission Health Ctr. CRS</name>
      <address>
        <city>San Francisco</city>
        <state>California</state>
        <zip>94114</zip>
        <country>United States</country>
      </address>
    </facility>
  </location>
  <location>
    <facility>
      <name>Dr. Martin Mass Med. Practice CRS</name>
      <address>
        <city>San Francisco</city>
        <state>California</state>
        <zip>94114</zip>
        <country>United States</country>
      </address>
    </facility>
  </location>
  <location>
    <facility>
      <name>St. Mary's Med. Ctr. of San Francisco CRS</name>
      <address>
        <city>San Francisco</city>
        <state>California</state>
        <zip>94117</zip>
        <country>United States</country>
      </address>
    </facility>
  </location>
  <location>
    <facility>
      <name>San Francisco VAMC, Infectious Diseases Clinic CRS</name>
      <address>
        <city>San Francisco</city>
        <state>California</state>
        <zip>94121</zip>
        <country>United States</country>
      </address>
    </facility>
  </location>
  <location>
    <facility>
      <name>UCSF PHP, Gen. Internal Medicine Practice CRS</name>
      <address>
        <city>San Francisco</city>
        <state>California</state>
        <zip>94143</zip>
        <country>United States</country>
      </address>
    </facility>
  </location>
  <location>
    <facility>
      <name>Beacon Clinic at Boulder CRS</name>
      <address>
        <city>Boulder</city>
        <state>Colorado</state>
        <zip>80501-4507</zip>
        <country>United States</country>
      </address>
    </facility>
  </location>
  <location>
    <facility>
      <name>Denver Infectious Diseases Consultants CRS</name>
      <address>
        <city>Denver</city>
        <state>Colorado</state>
        <zip>80204-4507</zip>
        <country>United States</country>
      </address>
    </facility>
  </location>
  <location>
    <facility>
      <name>Kaiser Permanente of Denver CRS</name>
      <address>
        <city>Denver</city>
        <state>Colorado</state>
        <zip>80204-4507</zip>
        <country>United States</country>
      </address>
    </facility>
  </location>
  <location>
    <facility>
      <name>Univ. of Colorado Health Science Ctr. CRS</name>
      <address>
        <city>Denver</city>
        <state>Colorado</state>
        <zip>80204-4507</zip>
        <country>United States</country>
      </address>
    </facility>
  </location>
  <location>
    <facility>
      <name>Denver Public Health CRS</name>
      <address>
        <city>Denver</city>
        <state>Colorado</state>
        <zip>80204</zip>
        <country>United States</country>
      </address>
    </facility>
  </location>
  <location>
    <facility>
      <name>Eastside Family Health Ctr. CRS</name>
      <address>
        <city>Denver</city>
        <state>Colorado</state>
        <zip>80205</zip>
        <country>United States</country>
      </address>
    </facility>
  </location>
  <location>
    <facility>
      <name>APEX Family Medicine CRS</name>
      <address>
        <city>Denver</city>
        <state>Colorado</state>
        <zip>80206</zip>
        <country>United States</country>
      </address>
    </facility>
  </location>
  <location>
    <facility>
      <name>South Denver Infectious Diseases Specialists, Accord Med. Ctr. CRS</name>
      <address>
        <city>Denver</city>
        <state>Colorado</state>
        <zip>80218</zip>
        <country>United States</country>
      </address>
    </facility>
  </location>
  <location>
    <facility>
      <name>Denver Public Health CRS - INSIGHT</name>
      <address>
        <city>Denver</city>
        <state>Colorado</state>
        <country>United States</country>
      </address>
    </facility>
  </location>
  <location>
    <facility>
      <name>Western Infectious Disease Consultants CRS</name>
      <address>
        <city>Wheat Ridge</city>
        <state>Colorado</state>
        <zip>80033</zip>
        <country>United States</country>
      </address>
    </facility>
  </location>
  <location>
    <facility>
      <name>Univ. of Connecticut Health Ctr. CRS</name>
      <address>
        <city>Farmington</city>
        <state>Connecticut</state>
        <zip>06030</zip>
        <country>United States</country>
      </address>
    </facility>
  </location>
  <location>
    <facility>
      <name>Yale Univ. School of Medicine, NE ProACT - New Haven CRS</name>
      <address>
        <city>New Haven</city>
        <state>Connecticut</state>
        <zip>06510</zip>
        <country>United States</country>
      </address>
    </facility>
  </location>
  <location>
    <facility>
      <name>Hosp. of St. Raphael CRS</name>
      <address>
        <city>New Haven</city>
        <state>Connecticut</state>
        <zip>06511</zip>
        <country>United States</country>
      </address>
    </facility>
  </location>
  <location>
    <facility>
      <name>Dotson &amp; Hodge Med. Group, L.L.C. CRS</name>
      <address>
        <city>Washington</city>
        <state>District of Columbia</state>
        <zip>20003</zip>
        <country>United States</country>
      </address>
    </facility>
  </location>
  <location>
    <facility>
      <name>Dr. Timothy A. Price Med. Practice CRS</name>
      <address>
        <city>Washington</city>
        <state>District of Columbia</state>
        <zip>20036</zip>
        <country>United States</country>
      </address>
    </facility>
  </location>
  <location>
    <facility>
      <name>Washington DC VAMC, Washington Regional AIDS Program, Infectious Diseases CRS</name>
      <address>
        <city>Washington</city>
        <state>District of Columbia</state>
        <zip>20422</zip>
        <country>United States</country>
      </address>
    </facility>
  </location>
  <location>
    <facility>
      <name>Klein &amp; Slotten Medical Associates CRS</name>
      <address>
        <city>Chicago</city>
        <state>Illinois</state>
        <zip>60610</zip>
        <country>United States</country>
      </address>
    </facility>
  </location>
  <location>
    <facility>
      <name>Cook County Hosp. CORE Ctr. INSIGHT CRS</name>
      <address>
        <city>Chicago</city>
        <state>Illinois</state>
        <zip>60612</zip>
        <country>United States</country>
      </address>
    </facility>
  </location>
  <location>
    <facility>
      <name>Cook County Hosp. CORE Ctr.</name>
      <address>
        <city>Chicago</city>
        <state>Illinois</state>
        <zip>60612</zip>
        <country>United States</country>
      </address>
    </facility>
  </location>
  <location>
    <facility>
      <name>Univ. of Illinois Family Ctr. for Infectious Disease CRS</name>
      <address>
        <city>Chicago</city>
        <state>Illinois</state>
        <zip>60612</zip>
        <country>United States</country>
      </address>
    </facility>
  </location>
  <location>
    <facility>
      <name>Lakeshore Infectious Disease Associates CRS</name>
      <address>
        <city>Chicago</city>
        <state>Illinois</state>
        <zip>60657</zip>
        <country>United States</country>
      </address>
    </facility>
  </location>
  <location>
    <facility>
      <name>North Side Family Medicine CRS</name>
      <address>
        <city>Chicago</city>
        <state>Illinois</state>
        <zip>60657</zip>
        <country>United States</country>
      </address>
    </facility>
  </location>
  <location>
    <facility>
      <name>Northwestern Memorial Physicians Group CRS</name>
      <address>
        <city>Chicago</city>
        <state>Illinois</state>
        <zip>60657</zip>
        <country>United States</country>
      </address>
    </facility>
  </location>
  <location>
    <facility>
      <name>Triad Health Practice/Ill. Masonic Med. Ctr. CRS</name>
      <address>
        <city>Chicago</city>
        <state>Illinois</state>
        <zip>60657</zip>
        <country>United States</country>
      </address>
    </facility>
  </location>
  <location>
    <facility>
      <name>Earl K. Long Med. Ctr., LSU - Mid City EIC Clinic CRS</name>
      <address>
        <city>Baton Rouge</city>
        <state>Louisiana</state>
        <zip>70805</zip>
        <country>United States</country>
      </address>
    </facility>
  </location>
  <location>
    <facility>
      <name>James Osterberger, MD (Private Med. Practice) CRS</name>
      <address>
        <city>Baton Rouge</city>
        <state>Louisiana</state>
        <zip>70808-4390</zip>
        <country>United States</country>
      </address>
    </facility>
  </location>
  <location>
    <facility>
      <name>Med. Ctr. of Louisiana at New Orleans, HIV Outpatient Clinics CRS</name>
      <address>
        <city>New Orleans</city>
        <state>Louisiana</state>
        <zip>70112</zip>
        <country>United States</country>
      </address>
    </facility>
  </location>
  <location>
    <facility>
      <name>Tulane University Health Sciences Center, Louisiana Community AIDS Research Program(LaCARP) CRS</name>
      <address>
        <city>New Orleans</city>
        <state>Louisiana</state>
        <zip>70112</zip>
        <country>United States</country>
      </address>
    </facility>
  </location>
  <location>
    <facility>
      <name>Memorial Med. Ctr., Hematology-Oncology Services CRS</name>
      <address>
        <city>New Orleans</city>
        <state>Louisiana</state>
        <zip>70115</zip>
        <country>United States</country>
      </address>
    </facility>
  </location>
  <location>
    <facility>
      <name>New Orleans VAMC CRS</name>
      <address>
        <city>New Orleans</city>
        <state>Louisiana</state>
        <zip>70146</zip>
        <country>United States</country>
      </address>
    </facility>
  </location>
  <location>
    <facility>
      <name>CRI-Boston CRS</name>
      <address>
        <city>Boston</city>
        <state>Massachusetts</state>
        <zip>02115</zip>
        <country>United States</country>
      </address>
    </facility>
  </location>
  <location>
    <facility>
      <name>CRI-Springfield CRS</name>
      <address>
        <city>Springfield</city>
        <state>Massachusetts</state>
        <zip>01107</zip>
        <country>United States</country>
      </address>
    </facility>
  </location>
  <location>
    <facility>
      <name>Harper Hosp., Detroit CRS</name>
      <address>
        <city>Detroit</city>
        <state>Michigan</state>
        <zip>48201</zip>
        <country>United States</country>
      </address>
    </facility>
  </location>
  <location>
    <facility>
      <name>Wayne State Univ. INSIGHT CRS</name>
      <address>
        <city>Detroit</city>
        <state>Michigan</state>
        <zip>48201</zip>
        <country>United States</country>
      </address>
    </facility>
  </location>
  <location>
    <facility>
      <name>Henry Ford Hosp. CRS</name>
      <address>
        <city>Detroit</city>
        <state>Michigan</state>
        <zip>48202</zip>
        <country>United States</country>
      </address>
    </facility>
  </location>
  <location>
    <facility>
      <name>Detroit Community Health Connection, Inc. CRS</name>
      <address>
        <city>Detroit</city>
        <state>Michigan</state>
        <zip>48215</zip>
        <country>United States</country>
      </address>
    </facility>
  </location>
  <location>
    <facility>
      <name>Detroit Community Health Connection-2 CRS</name>
      <address>
        <city>Detroit</city>
        <state>Michigan</state>
        <zip>48215</zip>
        <country>United States</country>
      </address>
    </facility>
  </location>
  <location>
    <facility>
      <name>Cooper Univ. Hosp. CRS</name>
      <address>
        <city>Camden</city>
        <state>New Jersey</state>
        <zip>08103</zip>
        <country>United States</country>
      </address>
    </facility>
  </location>
  <location>
    <facility>
      <name>ID Care Inc. - Hillsborough CRS</name>
      <address>
        <city>Hillsborough</city>
        <state>New Jersey</state>
        <zip>08844</zip>
        <country>United States</country>
      </address>
    </facility>
  </location>
  <location>
    <facility>
      <name>Jersey Shore Univ. Med. Ctr. CRS</name>
      <address>
        <city>Neptune</city>
        <state>New Jersey</state>
        <zip>07754</zip>
        <country>United States</country>
      </address>
    </facility>
  </location>
  <location>
    <facility>
      <name>Cathedral Healthcare System, St. Michael's Med. Ctr. CRS</name>
      <address>
        <city>Newark</city>
        <state>New Jersey</state>
        <zip>07103</zip>
        <country>United States</country>
      </address>
    </facility>
  </location>
  <location>
    <facility>
      <name>New Jersey Community Research Initiative, Jeffrey Bomser Clinic CRS</name>
      <address>
        <city>Newark</city>
        <state>New Jersey</state>
        <zip>07103</zip>
        <country>United States</country>
      </address>
    </facility>
  </location>
  <location>
    <facility>
      <name>St. Joseph's Hosp. &amp; Med. Ctr. of New Jersey CRS</name>
      <address>
        <city>Paterson</city>
        <state>New Jersey</state>
        <zip>07503</zip>
        <country>United States</country>
      </address>
    </facility>
  </location>
  <location>
    <facility>
      <name>Raritan Bay Med. Ctr., Perth Amboy Division CRS</name>
      <address>
        <city>Perth Amboy</city>
        <state>New Jersey</state>
        <zip>08861</zip>
        <country>United States</country>
      </address>
    </facility>
  </location>
  <location>
    <facility>
      <name>ID Care - Randolph CRS</name>
      <address>
        <city>Randolph</city>
        <state>New Jersey</state>
        <zip>07869</zip>
        <country>United States</country>
      </address>
    </facility>
  </location>
  <location>
    <facility>
      <name>Infectious Disease Specialists of N.J., North Jersey Community Research Initiative CRS</name>
      <address>
        <city>Union</city>
        <state>New Jersey</state>
        <zip>07083</zip>
        <country>United States</country>
      </address>
    </facility>
  </location>
  <location>
    <facility>
      <name>The Early Intervention Program at Kennedy Hosp. CRS</name>
      <address>
        <city>Voorhees</city>
        <state>New Jersey</state>
        <zip>08043</zip>
        <country>United States</country>
      </address>
    </facility>
  </location>
  <location>
    <facility>
      <name>Bronx Prevention Center CRS</name>
      <address>
        <city>Bronx</city>
        <state>New York</state>
        <zip>10452</zip>
        <country>United States</country>
      </address>
    </facility>
  </location>
  <location>
    <facility>
      <name>Bronx-Lebanon Hosp. Ctr. CRS</name>
      <address>
        <city>Bronx</city>
        <state>New York</state>
        <zip>10457</zip>
        <country>United States</country>
      </address>
    </facility>
  </location>
  <location>
    <facility>
      <name>Jacobi Med. Ctr., Ambulatory Care Pavillion CRS</name>
      <address>
        <city>Bronx</city>
        <state>New York</state>
        <zip>10461</zip>
        <country>United States</country>
      </address>
    </facility>
  </location>
  <location>
    <facility>
      <name>Jacobi Med. Ctr.</name>
      <address>
        <city>Bronx</city>
        <state>New York</state>
        <zip>10461</zip>
        <country>United States</country>
      </address>
    </facility>
  </location>
  <location>
    <facility>
      <name>Montefiore Med. Ctr., AIDS Ctr. CRS</name>
      <address>
        <city>Bronx</city>
        <state>New York</state>
        <zip>10467</zip>
        <country>United States</country>
      </address>
    </facility>
  </location>
  <location>
    <facility>
      <name>St. Vincent Hosp. &amp; Med. Ctr. CRS</name>
      <address>
        <city>New York</city>
        <state>New York</state>
        <zip>10011</zip>
        <country>United States</country>
      </address>
    </facility>
  </location>
  <location>
    <facility>
      <name>HHC Methadone Maintenance, Treatment Program Unit 1 CRS</name>
      <address>
        <city>New York</city>
        <state>New York</state>
        <zip>10026</zip>
        <country>United States</country>
      </address>
    </facility>
  </location>
  <location>
    <facility>
      <name>Harlem Hospital Ctr./Columbia University CRS (Gordin CTU)</name>
      <address>
        <city>New York</city>
        <state>New York</state>
        <zip>10037-1802</zip>
        <country>United States</country>
      </address>
    </facility>
  </location>
  <location>
    <facility>
      <name>Multnomah County Health Dept., HIV Health Services Ctr. CRS</name>
      <address>
        <city>Portland</city>
        <state>Oregon</state>
        <zip>97204</zip>
        <country>United States</country>
      </address>
    </facility>
  </location>
  <location>
    <facility>
      <name>Legacy Clinic Good Samaritan CRS</name>
      <address>
        <city>Portland</city>
        <state>Oregon</state>
        <zip>97210</zip>
        <country>United States</country>
      </address>
    </facility>
  </location>
  <location>
    <facility>
      <name>The Research &amp; Education Group-Portland CRS</name>
      <address>
        <city>Portland</city>
        <state>Oregon</state>
        <zip>97210</zip>
        <country>United States</country>
      </address>
    </facility>
  </location>
  <location>
    <facility>
      <name>Providence Portland Med. Ctr., Ambulatory Care and Education Ctr. CRS</name>
      <address>
        <city>Portland</city>
        <state>Oregon</state>
        <zip>97213</zip>
        <country>United States</country>
      </address>
    </facility>
  </location>
  <location>
    <facility>
      <name>Kaiser Immune Deficiency Clinic of Portland CRS</name>
      <address>
        <city>Portland</city>
        <state>Oregon</state>
        <zip>97227</zip>
        <country>United States</country>
      </address>
    </facility>
  </location>
  <location>
    <facility>
      <name>Legacy Clinic Emanuel CRS</name>
      <address>
        <city>Portland</city>
        <state>Oregon</state>
        <zip>97227</zip>
        <country>United States</country>
      </address>
    </facility>
  </location>
  <location>
    <facility>
      <name>Oregon Health &amp; Sciences Univ. Internal Medicine (L-475) CRS</name>
      <address>
        <city>Portland</city>
        <state>Oregon</state>
        <zip>97239</zip>
        <country>United States</country>
      </address>
    </facility>
  </location>
  <location>
    <facility>
      <name>Salem Hosp. CRS</name>
      <address>
        <city>Salem</city>
        <state>Oregon</state>
        <zip>97301</zip>
        <country>United States</country>
      </address>
    </facility>
  </location>
  <location>
    <facility>
      <name>Kaiser Permanente Lancaster Clinic CRS</name>
      <address>
        <city>Salem</city>
        <state>Oregon</state>
        <zip>97305</zip>
        <country>United States</country>
      </address>
    </facility>
  </location>
  <location>
    <facility>
      <name>Philadelphia FIGHT - Dr. Jay Kostman CRS</name>
      <address>
        <city>Philadelphia</city>
        <state>Pennsylvania</state>
        <zip>19107</zip>
        <country>United States</country>
      </address>
    </facility>
  </location>
  <location>
    <facility>
      <name>Temple Univ. School of Medicine CRS</name>
      <address>
        <city>Philadelphia</city>
        <state>Pennsylvania</state>
        <zip>19140</zip>
        <country>United States</country>
      </address>
    </facility>
  </location>
  <location>
    <facility>
      <name>Legacy Community Health Services, Inc. CRS</name>
      <address>
        <city>Houston</city>
        <state>Texas</state>
        <zip>77006</zip>
        <country>United States</country>
      </address>
    </facility>
  </location>
  <location>
    <facility>
      <name>Baylor College of Medicine, Thomas St. Clinic CRS</name>
      <address>
        <city>Houston</city>
        <state>Texas</state>
        <zip>77030</zip>
        <country>United States</country>
      </address>
    </facility>
  </location>
  <location>
    <facility>
      <name>Houston AIDS Research Team CRS</name>
      <address>
        <city>Houston</city>
        <state>Texas</state>
        <zip>77030</zip>
        <country>United States</country>
      </address>
    </facility>
  </location>
  <location>
    <facility>
      <name>Michael E. DeBakey VAMC CRS</name>
      <address>
        <city>Houston</city>
        <state>Texas</state>
        <zip>77030</zip>
        <country>United States</country>
      </address>
    </facility>
  </location>
  <location>
    <facility>
      <name>Thomas Street Clinic CRS</name>
      <address>
        <city>Houston</city>
        <state>Texas</state>
        <zip>77030</zip>
        <country>United States</country>
      </address>
    </facility>
  </location>
  <location>
    <facility>
      <name>Hanover Med. Park (Mechanicsville, VA) CRS</name>
      <address>
        <city>Mechanicsville</city>
        <state>Virginia</state>
        <zip>23116</zip>
        <country>United States</country>
      </address>
    </facility>
  </location>
  <location>
    <facility>
      <name>Eastern Virginia Med. School, Ctr. for the Comprehensive Care of Immune Deficiency CRS</name>
      <address>
        <city>Norfolk</city>
        <state>Virginia</state>
        <zip>23507</zip>
        <country>United States</country>
      </address>
    </facility>
  </location>
  <location>
    <facility>
      <name>Petersburg Health Care Alliance CRS</name>
      <address>
        <city>Petersburg</city>
        <state>Virginia</state>
        <zip>23803</zip>
        <country>United States</country>
      </address>
    </facility>
  </location>
  <location>
    <facility>
      <name>CrossOver Health Ctr. CRS</name>
      <address>
        <city>Richmond</city>
        <state>Virginia</state>
        <zip>23224</zip>
        <country>United States</country>
      </address>
    </facility>
  </location>
  <location>
    <facility>
      <name>South Richmond Health Care Ctr. CRS</name>
      <address>
        <city>Richmond</city>
        <state>Virginia</state>
        <zip>23224</zip>
        <country>United States</country>
      </address>
    </facility>
  </location>
  <location>
    <facility>
      <name>Hunter Holmes McGuire VAMC CRS</name>
      <address>
        <city>Richmond</city>
        <state>Virginia</state>
        <zip>23249</zip>
        <country>United States</country>
      </address>
    </facility>
  </location>
  <location>
    <facility>
      <name>VCU Health Systems, Infectious Disease Clinic CRS</name>
      <address>
        <city>Richmond</city>
        <state>Virginia</state>
        <zip>23298</zip>
        <country>United States</country>
      </address>
    </facility>
  </location>
  <location>
    <facility>
      <name>Virginia Commonwealth Univ. Medical Ctr. CRS</name>
      <address>
        <city>Richmond</city>
        <state>Virginia</state>
        <zip>23298</zip>
        <country>United States</country>
      </address>
    </facility>
  </location>
  <location_countries>
    <country>United States</country>
  </location_countries>
  <results_reference>
    <citation>Goetz MB, Leduc R, Kostman JR, Labriola AM, Lie Y, Weidler J, Coakley E, Bates M, Luskin-Hawk R; Long-Term Monitoring Study (CPCRA 060) and Terry Beirn Community Programs for Clinical Research on AIDS (CPCRA). Relationship between HIV coreceptor tropism and disease progression in persons with untreated chronic HIV infection. J Acquir Immune Defic Syndr. 2009 Mar 1;50(3):259-66. doi: 10.1097/QAI.0b013e3181989a8b. Erratum in: J Acquir Immune Defic Syndr. 2009 May 1;51(1):110.</citation>
    <PMID>19194318</PMID>
  </results_reference>
  <verification_date>April 2014</verification_date>
  <study_first_submitted>November 2, 1999</study_first_submitted>
  <study_first_submitted_qc>August 30, 2001</study_first_submitted_qc>
  <study_first_posted type="Estimate">August 31, 2001</study_first_posted>
  <last_update_submitted>April 14, 2014</last_update_submitted>
  <last_update_submitted_qc>April 14, 2014</last_update_submitted_qc>
  <last_update_posted type="Estimate">April 15, 2014</last_update_posted>
  <responsible_party>
    <responsible_party_type>Sponsor</responsible_party_type>
  </responsible_party>
  <keyword>Prospective Studies</keyword>
  <keyword>HIV-1</keyword>
  <keyword>Drug Therapy, Combination</keyword>
  <keyword>Drug Resistance, Microbial</keyword>
  <keyword>CD4 Lymphocyte Count</keyword>
  <keyword>Disease Progression</keyword>
  <keyword>Treatment Outcome</keyword>
  <keyword>Genotype</keyword>
  <keyword>Anti-HIV Agents</keyword>
  <keyword>Viral Load</keyword>
  <condition_browse>
    <!-- CAUTION:  The following MeSH terms are assigned with an imperfect algorithm            -->
    <mesh_term>HIV Infections</mesh_term>
  </condition_browse>
  <!-- Results have not yet been posted for this study                                          -->
</clinical_study>

