<?xml version="1.0" encoding="UTF-8"?>
<clinical_study rank="4326">
  <!-- This xml conforms to an XML Schema at:
    https://clinicaltrials.gov/ct2/html/images/info/public.xsd -->
  <required_header>
    <download_date>ClinicalTrials.gov processed this data on April 03, 2020</download_date>
    <link_text>Link to the current ClinicalTrials.gov record.</link_text>
    <url>https://clinicaltrials.gov/show/NCT00000577</url>
  </required_header>
  <id_info>
    <org_study_id>215</org_study_id>
    <secondary_id>U10HL074204</secondary_id>
    <secondary_id>U10HL051823</secondary_id>
    <secondary_id>U10HL051831</secondary_id>
    <secondary_id>U10HL051834</secondary_id>
    <secondary_id>U10HL051843</secondary_id>
    <secondary_id>U10HL051845</secondary_id>
    <secondary_id>U10HL056443</secondary_id>
    <secondary_id>U10HL074073</secondary_id>
    <secondary_id>U10HL074206</secondary_id>
    <secondary_id>U10HL074208</secondary_id>
    <secondary_id>U10HL074212</secondary_id>
    <secondary_id>U10HL074218</secondary_id>
    <secondary_id>U10HL074225</secondary_id>
    <secondary_id>U10HL074227</secondary_id>
    <secondary_id>U10HL074231</secondary_id>
    <secondary_id>Y02 HL51810</secondary_id>
    <nct_id>NCT00000577</nct_id>
  </id_info>
  <brief_title>Asthma Clinical Research Network (ACRN)</brief_title>
  <official_title>Asthma Clinical Research Network (ACRN)</official_title>
  <sponsors>
    <lead_sponsor>
      <agency>Milton S. Hershey Medical Center</agency>
      <agency_class>Other</agency_class>
    </lead_sponsor>
    <collaborator>
      <agency>National Heart, Lung, and Blood Institute (NHLBI)</agency>
      <agency_class>NIH</agency_class>
    </collaborator>
  </sponsors>
  <source>Milton S. Hershey Medical Center</source>
  <brief_summary>
    <textblock>
      This study will establish a network of interactive asthma clinical research groups to
      evaluate current therapies, new therapies, and management strategies for adult asthma.
    </textblock>
  </brief_summary>
  <detailed_description>
    <textblock>
      BACKGROUND:

      Asthma is an increasingly serious cause of morbidity and mortality in the United States.
      There are approximately 12 million asthmatics, and the disease affects both sexes and impacts
      all racial and ethnic groups. It is now recognized that asthma is a complex disease of varied
      etiology, which is triggered by a number of factors (e.g., allergens, drugs, chemicals,
      exercise, cold air, infections, and emotions), making asthma therapy difficult and sometimes
      complicated. Multiple drugs, including medications to treat and control symptoms
      (bronchodilator agents such as beta-adrenergic agonists, theophylline, and anticholinergics)
      and medications thought to control underlying airway inflammation (e.g., inhaled and systemic
      corticosteroids, cromolyn sodium, and nedocromil), are often required.

      Despite major advances in the understanding of the etiology and pathophysiology of asthma and
      the development of new therapeutic modalities, the prevalence, severity, and mortality from
      asthma in all age groups have increased over the past decade. Mortality rates are
      disproportionately high in urban and rural minority populations. Hospitalizations for asthma
      have doubled in adults and increased five-fold for children over the past 20 years. Asthma
      continues to place a heavy burden on patients and their families, the health care system, and
      society as a whole. Therefore, new approaches are needed to help alleviate this growing
      problem.

      A particularly important need at this juncture is a mechanism for the rapid evaluation of new
      and existing therapeutic approaches for asthma and for the dissemination of laboratory and
      clinical findings to the health care community. The Asthma Clinical Research Network (ACRN)
      program seeks to accomplish this through the development of a network of interactive asthma
      clinical groups that conduct clinical studies employing common protocols in a coordinated and
      multidisciplinary setting. This will ensure ready access to an adequate number of well
      characterized patients from diverse populations and age groups. It will also bring together
      and coordinate the necessary clinical expertise and administrative resources to conduct
      multiple therapeutic studies. Centralized protocols will promote high quality design,
      decrease the variability in supportive modalities, and reduce the redundant utilization of
      resources required for rapidly conducting multiple independent clinical studies. The separate
      data coordinating center supports protocol and questionnaire development, sample size
      calculations, complete data analysis, and overall study coordination.

      The initiative was developed by the Pulmonary Diseases Advisory Committee working group,
      approved by the full committee at the February 1992 meeting, and given concept clearance by
      the National Heart, Lung, and Blood Institute (NHLBI) Advisory Council in May 1992.

      DESIGN NARRATIVE:

      The Beta-Agonist (Bags) study compared the safety and efficacy of regular plus &quot;as needed&quot;
      use of inhaled albuterol to the &quot;as needed&quot; use of inhaled albuterol in 255 patients with
      asthma of mild severity. A total of 230 patients completed the study. The study was
      randomized, double-blind, and placebo-controlled with parallel groups. Following a 6-week
      single-blind run-in period, patients were randomized in a double-blind manner and treated for
      16 weeks. There was a 4-week withdrawal, or run-out, period. Changes in lung function and
      asthma symptoms were assessed to determine whether regular or &quot;as needed&quot; beta-agonist use
      was more beneficial in the treatment of mild asthma. Specific outcome measures included
      morning (AM) PEF, airway responsiveness, spirometric values, evening (PM) to AM PEF
      difference index, asthma symptoms, quality of life measures, use of rescue medications, and
      episodes of adverse asthma control. Recruitment began in December 1994. The study has
      completed and results have been published.

      The Colchicine in Moderate Asthma (CIMA) study examined if colchicine offered therapeutic
      benefit in the management of 71 patients with moderate asthma when corticosteroids were
      discontinued. The study was randomized, double-blind, and placebo-controlled with two
      parallel groups. A 2-week run-in with inhaled corticosteroid was followed by 2 weeks with
      inhaled corticosteroid and colchicine or placebo, and then by 6 weeks with no inhaled
      corticosteroid but with colchicine or placebo. There was a 6-week single-blind run-out.
      Outcome measures included treatment failure after cessation of inhaled corticosteroid, FEV1
      change, PM to AM PEF difference index, airway responsiveness, asthma symptoms, quality of
      life measures, use of rescue medications, and episodes of adverse asthma control. The
      protocol was approved in April 1994. Recruitment ran from February 1996 through August 1996.
      Results have been published.

      The Salmeterol or Corticosteroids (SOCS) study was a randomized, double-blind study to
      determine the utility of treating patients with moderately severe asthma with long-acting
      beta-agonists in place of inhaled corticosteroids (ICS). A total of 164 patients were
      randomized into one of the following three treatment arms (double-blind and double-dummy): 1)
      placebo; 2) inhaled corticosteroid triamcinolone alone; or 3) beta-agonist salmeterol alone.
      Treatment continued for 16 weeks, followed by a 6-week run-out period in which all patients
      were placed on placebo. The purpose of the run-out period was to evaluate the effects of
      treatment cessation on asthma control. To compare efficacy of therapy, the primary outcome
      variable was the change in AM PEF from the final week of the run-in period to the final week
      of the double-blind treatment period. To compare duration benefit, the primary outcome
      variable was again AM PEF, with a comparison of the change from the final week of the run-in
      period to the second and final weeks of the run-out period. Secondary endpoints included
      other markers of asthma severity (e.g., FEV1, symptom diaries, beta-agonist rescue,
      quality-of-life scores, methacholine responsiveness, and asthma exacerbations). To evaluate
      markers of inflammation, sputum induction was performed on all patients, and bronchoalveolar
      lavage and bronchial biopsy were performed on a subset of patients. Enrollment began in
      February 1997 and ended in July 1998. Results have been published.

      The Salmeterol± Corticosteroids (SLIC) study examined the addition of a long acting
      beta-agonist, salmeterol, on a scheduled basis for patients with moderate asthma whose
      symptoms were sub-optimally controlled by using an inhaled beta-agonist on an &quot;as needed&quot;
      basis and an inhaled corticosteroid on a scheduled basis. The study determined if the
      addition of salmeterol on a scheduled basis permitted a reduction in dose, and/or elimination
      of inhaled corticosteroids over time, without a concomitant increase in asthmatic symptoms or
      a decrease in the bronchoprotective effect to aerosolized methacholine. Recruitment of
      randomized patients with moderate asthma began in January 1997. Additional patients were
      randomized at the Harlem Center, a center added to the network in December 1995. The
      enrollment of 175 patients ended in July 1998 and the last patient visits were completed in
      January 1999. Results have been published.

      The Dose of Inhaled Corticosteroids with Equisystemic Effects (DICE) study estimated
      dose-response curves with respect to adrenal suppression for six distinct inhaled
      corticosteroids. The inhaled steroids and delivery systems were characterized in terms of
      systemic effects so that doses that produced &quot;equi-systemic&quot; effects could be subsequently
      compared in future efficacy studies, including the efficacy study &quot;Measuring Inhaled
      Corticosteroid Efficacy&quot; (MICE). In DICE, a total of 156 (58% male and 31% minority) patients
      with mild to moderate asthma had a baseline visit and a placebo run-in period to practice
      taking scheduled doses (4 puffs twice a day) from a metered dose inhaler for 1 week. At the
      second visit, patients were randomized to placebo or to one of the following six steroid
      arms, including: 1) beclomethasone dipropionate metered dose inhaler (MDI); 2) budesonide dry
      powder; 3) flunisolide MDI; 4) fluticasone propionate MDI; 5) fluticasone propionate dry
      powder; or 6) triamcinolone acetonide MDI. The study addressed the following questions: 1)
      Were there dose-response relationships in the suppression of overnight plasma cortisol with
      the various inhaled corticosteroids and delivery systems?; 2) If the dose-response
      relationships existed, at which doses were comparable systemic effects evident as determined
      by suppression of overnight plasma cortisol?; and 3) If dose-response relationships existed,
      which dose produced a 10%, 20%, 30%, or 40% suppression of adrenal steroid secretion
      (cortisol) for each inhaled steroid and delivery system? DICE was initiated in September 1998
      and completed in November 1999. Results have been published.

      The Measuring Inhaled Corticosteroid Efficacy (MICE) pilot study was approved by the Protocol
      Review Committee in August 1998. MICE used doses of inhaled corticosteroid for the full MICE
      protocol as derived from DICE, which induced minimal cortisol suppression (highest
      deliverable dose that caused less than 5% cortisol suppression), 20% to 30% cortisol
      suppression, and 40% to 60% cortisol suppression. The intent was to determine if different
      inhaled corticosteroids, which had equisystemic effects, had differential salutary
      therapeutic effects in chronic asthma, or if therapeutic efficacy paralleled systemic
      effects. MICE was a 24-week, randomized, open-label, prospective, multi-center study
      examining the effect of inhaled beclomethasone dipropionate (BDP) and fluticasone propionate
      (FP) both with an Opti-Chamber spacer device. The inhaled corticosteroids were administered
      to 30 patients in doses of increasing systemic effect to examine the corresponding effects on
      pulmonary function, bronchial hyper-responsiveness, asthma control, and resolution of airway
      inflammation in patients with persistent asthma. The intent was to compare the estimates of
      systemic effect for BDP and FP, derived from the DICE pilot study in which BDP and FP were
      administered in 1-week intervals, to that which occurred when BDP and FP doses were
      administered over 3- to 6-six week intervals with incremental doses. MICE also explored which
      efficacy/systemic relationships, if any, suggested that there may be a difference between the
      two prototype inhaled corticosteroids, BDP and FP. Recruitment was completed in the spring of
      2000. Results have been published.

      The Beta Agonist Response by Genotype (BARGE) study was reviewed by the Protocol Review
      Committee in December 1998. Recruitment started in September 1999. BARGE was a 54-week
      randomized, double-blind, crossover study comparing the effects of regularly scheduled use of
      inhaled albuterol (2 puffs four times a day) to placebo. Two groups of 36 participants each
      included individuals who had mild to moderate asthma and who differed by their genotype at
      the codon for the 16th amino acid of the B2-adrenergic receptor. A total of 36 participants
      harbored the B16-Arg/Arg genotype and the other 36 harbored the B16-Gly/Gly genotype at the
      B2-adrenergic receptor. Qualified participants entered a 6-week single-blind run-in period
      during which they were treated with an inhaled placebo (2 puffs 4 times a day) and given
      inhaled ipratropium bromide for use as a rescue medication. Asthma control was characterized
      by AM PEF, spirometric values, AM/PM PEF variability index, asthma symptoms, quality of life,
      use of rescue medications, and occurrence of events of adverse asthma control. Baseline data
      were obtained on airway responsiveness, the protective effect of albuterol against
      methacholine-induced bronchoconstriction, the maximum bronchodilator effect of albuterol, and
      exhaled nitric oxide. Participants were then randomized to a 16-week double-blind treatment
      phase in which they received either inhaled albuterol or placebo (two puffs 4 times a day).
      Asthma control was monitored by the above indicators during this time. At the end of the
      blinded treatment period, all participants were returned to single-blind regular use of a
      placebo inhaler (2 puffs 4 times a day) for an 8-week run-out period. Following cross-over to
      double-blinded treatment with albuterol or placebo, the 8-week run-out period also served as
      the run-in period for the second stage of the study. Asthma control was monitored by the same
      indicators as in the first stage. At the end of the second blinded treatment period, all
      participants were returned to single-blind regular use of a placebo inhaler (2 puffs 4 times
      a day) for an 8-week run-out period. During the entire study, participants used inhaled
      ipratropium bromide as rescue medication to avoid the confounding effects of B2-adrenergic
      stimulation on the outcome variables to be monitored. In the event that an episode of adverse
      asthma control responded incompletely to ipratropium, albuterol was used as a superseding
      rescue medication. Comparisons of asthma control, within each genotypic group during periods
      of randomized treatment, were assessed as the difference in the change in outcome variables
      between the end of Stage 1 randomized treatment and the end of Stage 1 run-in, and between
      the end of Stage 2 randomized treatment and the end of Stage 1 run-out. The study was
      completed and results have been published.

      The Improving Asthma Control Trial (IMPACT) was a double-blind, randomized, parallel group
      design clinical study to determine the best long-term strategy for treating adults with mild
      asthma who experienced symptoms more than occasionally. The study tested whether these
      patients should be taking anti-inflammatory medications on a daily basis and whether a newer
      class of medications provided the same benefit as older drugs. In the IMPACT study, 225
      adults with mild asthma, who had more than occasional symptoms, were enrolled in six clinical
      research centers. Following an initial evaluation, patients were randomized to receive either
      a twice daily inhaled corticosteroid, a twice daily anti-leukotriene, or a placebo. All
      patients received treatment for symptoms if, and when, they occured. The primary outcome was
      AM PEF. Other outcomes included FEV1 before and after bronchodilator treatment, the frequency
      of exacerbations, the degree of asthma control, the number of symptom-free days, and the
      quality of life. Recruitment ended in 2003. Study results were published in the April 14,
      2005 issue of the New England Journal of Medicine. In April 2001 NHLBI initiated an ancillary
      study to IMPACT entitled &quot;Modification of Allergic Immunologic Response by Leukotriene
      Antagonists&quot; under R01HL67684. The ancillary study has its own site in this database.

      The Smoking Modulates Outcomes of Glucocorticoid Therapy in Asthma (SMOG) study was a
      randomized, double-blind, cross-over study, which compared the effect of inhaled
      corticosteroid treatment delivered twice daily for 8 weeks in the following two groups of
      patients with persistent asthma: 1) smokers; and 2) non-smokers. Smokers and non-smokers were
      matched into pairs according to gender and FEV1 status prior to the run-in period. Each
      member of the matched pair was randomized together to the same crossover sequence. There were
      96 patients ages 18 to 35. The primary outcome was change in pre-bronchodilator FEV1 over the
      8-week treatment period in smokers compared with non-smokers. Secondary outcomes were AM and
      PM PEF, PC20 methacholine, and markers of inflammation in induced sputum. A secondary
      comparison examined the effect of 8 weeks of treatment with a leukotriene receptor antagonist
      in asthmatics who smoked to those who did not. An additional analysis compared the response
      to inhaled corticosteroid with the response to leukotriene receptor antagonist. The study was
      completed and results have been submitted to a journal for publication.

      The Salmeterol and Leukotriene Modifiers versus ICS Treatment (SLIMSIT) study initiated
      recruitment in September 2002. The goal was to randomize 180 participants. SLIMSIT was a
      36-week, double-blind, placebo-controlled, cross-over study, with time to treatment failure
      as the primary endpoint. Prior to each double-blind treatment phase, participants underwent a
      4-week run-in period with combined inhaled beclomethasone HFA and the leukotriene receptor
      antagonist (LTRA) montelukast. This was followed by 14 weeks of double-blind treatment.
      During the initial 4-week run-in period, participants who met National Asthma Education
      Program criteria for moderate persistent asthma received a controller regimen to obtain
      baseline information on symptoms, beta-agonist use, and PEF for use in defining treatment
      failure for each participant over the duration of the study. The final visit of this run-in
      period served as the baseline of comparison for the study variables measured during the
      initial treatment phase. At the end of the initial run-in, participants with stable asthma
      symptoms were randomized to one of the following two treatment regimens for 14 weeks: 1)
      daily oral placebo, twice daily inhalation of salmeterol 50 mg by dry powder inhaler (DPI),
      and twice daily inhalation of beclomethasone HFA 80 mg by MDI; or 2) once daily oral
      montelukast 10 mg, twice daily inhalation of salmeterol 50 mg by DPI, and twice daily
      inhalation of placebo. Active beclomethasone HFA and the beclomethasone HFA placebo were
      given via a MDI delivery device, while salmeterol was given by a DPI Diskusâ. A computer
      interface randomized participants into the two treatment groups, stratifying by clinical
      center and FEV1 at the randomization visit (less than 80% versus greater than 80% of
      predicted FEV1). During the first treatment period, participants made three visits to the
      clinic over 14 weeks. These visits included re-assessment of the study variables and careful
      monitoring for increasing asthma symptoms and potential treatment failure. Subsequently,
      participants entered a second run-in period in which they received single-blind treatment
      with inhaled beclomethasone HFA and oral montelukast as in the first run-in period. At the
      end of the second run-in period, participants crossed over to the alternate treatment regimen
      for the second 14-week treatment phase, which included three visits to the clinic. These
      visits again included re-assessment of the study variables and careful monitoring for
      increasing asthma symptoms and potential treatment failure. DSMB recommended termination of
      the study prior to target enrollment because sufficient data about the primary outcome had
      been obtained. SLIMSIT results were presented at the May 2005 American Thoracic Society
      Annual Meeting. The data are under analysis for subsequent publication.

      The Predicting Responses for Inhaled Corticosteroid Efficacy (PRICE) study was a follow-up
      study that looked for additional predictive biomarkers of response to inhaled
      corticosteroids. The study also evaluated whether short-term response to inhaled
      corticosteroids predicted asthma control and exacerbation rate, and whether it correlated
      with elastic recoil and upstream resistance. In this study, adults with a history of asthma
      underwent 6 weeks of ICS treatment, then were stratified by response and randomized in a
      double-blind fashion to continue ICS therapy or receive placebo for 16 weeks. ACRN
      investigators found that after 6 weeks of ICS therapy, patients with a good (15%) versus poor
      (less than 5%) increase in FEV1 experienced significantly better asthma control during
      continued ICS treatment. Interestingly, nitric oxide concentration in exhaled breath and
      airway sputum eosinophils, generally considered biomarkers of airway inflammation, were not
      significantly correlated with ICS treatment response. Explanation for this divergence in
      findings is unclear. PRICE results were presented at the May 2005 American Thoracic Society
      Annual Meeting

      In the Genetics of Asthma in Latino Americans (GALA) study, two ACRN centers compared
      asthma-related clinical characteristics of 684 Mexican and Puerto Rican asthmatics recruited
      from San Francisco, New York City, Puerto Rico, and Mexico City. Results of the published
      study indicate that asthmatic Puerto Ricans had reduced lung function, greater morbidity, and
      longer asthma duration than asthmatic Mexicans.

      The ACRN was renewed in September 2003 through July 2008. New protocols are under development
      and underway.

      The Long Acting Beta Agonist Response by GEnotype (LARGE) study is the first protocol of ACRN
      II. It is a 60-week randomized, double-blind, cross-over study to compare the effects of
      long-acting beta-agonists in patients with asthma who are receiving inhaled corticosteroids
      and who express two distinct polymorphisms of the beta2-adrenergic receptor. The primary
      hypothesis is that those with the B16 Arg/Arg genotype will have worse asthma control, as
      defined by AM PEF rate, than those with the B16 Guj/Guj genotype. Recruitment started in
      December 2004 with a target of 80 randomized patients. See NCT00200967 for more information
      on this study.
    </textblock>
  </detailed_description>
  <overall_status>Withdrawn</overall_status>
  <why_stopped>
    Record is an ACRN grant summary &amp; not reflective of an individual trial. All ACTs conducted by
    ACRN were individually registered on the PRS.
  </why_stopped>
  <start_date>September 1993</start_date>
  <completion_date>July 2008</completion_date>
  <phase>Phase 3</phase>
  <study_type>Interventional</study_type>
  <has_expanded_access>No</has_expanded_access>
  <study_design_info>
    <allocation>Randomized</allocation>
    <intervention_model>Parallel Assignment</intervention_model>
    <primary_purpose>Treatment</primary_purpose>
    <masking>Double</masking>
  </study_design_info>
  <enrollment type="Actual">0</enrollment>
  <condition>Asthma</condition>
  <condition>Lung Diseases</condition>
  <intervention>
    <intervention_type>Drug</intervention_type>
    <intervention_name>Albuterol</intervention_name>
  </intervention>
  <intervention>
    <intervention_type>Drug</intervention_type>
    <intervention_name>Colchicine</intervention_name>
  </intervention>
  <intervention>
    <intervention_type>Drug</intervention_type>
    <intervention_name>Adrenal Cortex Hormones</intervention_name>
  </intervention>
  <intervention>
    <intervention_type>Drug</intervention_type>
    <intervention_name>Adrenergic-Beta Agonists</intervention_name>
  </intervention>
  <eligibility>
    <criteria>
      <textblock>
        Patients with asthma; specific eligibility criteria vary for each study.
      </textblock>
    </criteria>
    <gender>All</gender>
    <minimum_age>18 Years</minimum_age>
    <maximum_age>75 Years</maximum_age>
    <healthy_volunteers>No</healthy_volunteers>
  </eligibility>
  <overall_official>
    <last_name>Homer A. Boushey</last_name>
    <role>Study Chair</role>
    <affiliation>University of California, San Francisco</affiliation>
  </overall_official>
  <overall_official>
    <last_name>William Calhoun</last_name>
    <role>Study Chair</role>
    <affiliation>University of Pittsburgh at Pittsburgh</affiliation>
  </overall_official>
  <overall_official>
    <last_name>Mario Castro</last_name>
    <role>Study Chair</role>
    <affiliation>Washington University School of Medicine</affiliation>
  </overall_official>
  <overall_official>
    <last_name>Vernon Chinchilli</last_name>
    <role>Study Chair</role>
    <affiliation>Milton S. Hershey Medical Center</affiliation>
  </overall_official>
  <overall_official>
    <last_name>Elliot Israel</last_name>
    <role>Study Chair</role>
    <affiliation>Brigham and Women's Hospital</affiliation>
  </overall_official>
  <overall_official>
    <last_name>Robert F. Lemanske, Jr.</last_name>
    <role>Study Chair</role>
    <affiliation>University of Wisconsin, Madison</affiliation>
  </overall_official>
  <overall_official>
    <last_name>Richard J. Martin</last_name>
    <role>Study Chair</role>
    <affiliation>National Jewish Medical &amp; Research Center</affiliation>
  </overall_official>
  <overall_official>
    <last_name>Stephen P. Peters</last_name>
    <role>Study Chair</role>
    <affiliation>Wake Forest University Health Sciences</affiliation>
  </overall_official>
  <overall_official>
    <last_name>Stephen I. Wasserman</last_name>
    <role>Study Chair</role>
    <affiliation>University of California, San Diego</affiliation>
  </overall_official>
  <location>
    <facility>
      <name>University of California at San Diego</name>
      <address>
        <city>La Jolla</city>
        <state>California</state>
        <zip>92103</zip>
        <country>United States</country>
      </address>
    </facility>
  </location>
  <location>
    <facility>
      <name>University of California, San Francisco</name>
      <address>
        <city>San Francisco</city>
        <state>California</state>
        <zip>94143</zip>
        <country>United States</country>
      </address>
    </facility>
  </location>
  <location>
    <facility>
      <name>National Jewish Medical &amp; Research Center</name>
      <address>
        <city>Denver</city>
        <state>Colorado</state>
        <zip>80206</zip>
        <country>United States</country>
      </address>
    </facility>
  </location>
  <location>
    <facility>
      <name>Brigham and Women's Hospital</name>
      <address>
        <city>Boston</city>
        <state>Massachusetts</state>
        <zip>02115</zip>
        <country>United States</country>
      </address>
    </facility>
  </location>
  <location>
    <facility>
      <name>Washington University</name>
      <address>
        <city>St. Louis</city>
        <state>Missouri</state>
        <zip>63110</zip>
        <country>United States</country>
      </address>
    </facility>
  </location>
  <location>
    <facility>
      <name>Wake Forest University Health Sciences</name>
      <address>
        <city>Winston-Salem</city>
        <state>North Carolina</state>
        <zip>27103</zip>
        <country>United States</country>
      </address>
    </facility>
  </location>
  <location>
    <facility>
      <name>University of Wisconsin at Madison</name>
      <address>
        <city>Madison</city>
        <state>Wisconsin</state>
        <zip>53792</zip>
        <country>United States</country>
      </address>
    </facility>
  </location>
  <location_countries>
    <country>United States</country>
  </location_countries>
  <link>
    <url>http://www.acrn.org/</url>
    <description>Study Home Page</description>
  </link>
  <reference>
    <citation>Kamada AK, Szefler SJ, Martin RJ, Boushey HA, Chinchilli VM, Drazen JM, Fish JE, Israel E, Lazarus SC, Lemanske RF. Issues in the use of inhaled glucocorticoids. The Asthma Clinical Research Network. Am J Respir Crit Care Med. 1996 Jun;153(6 Pt 1):1739-48. Review.</citation>
    <PMID>8665030</PMID>
  </reference>
  <reference>
    <citation>Irvin CG, Martin RJ, Chinchilli VM, Kunselman SJ, Cherniack RM. Quality control of peak flow meters for multicenter clinical trials. The Asthma Clinical Research Network (ACRN). Am J Respir Crit Care Med. 1997 Aug;156(2 Pt 1):396-402.</citation>
    <PMID>9279215</PMID>
  </reference>
  <reference>
    <citation>Martin RJ, Wanger JS, Irvin CG, Bucher Bartelson B, Cherniack RM. Methacholine challenge testing: safety of low starting FEV1. Asthma Clinical Research Network (ACRN). Chest. 1997 Jul;112(1):53-6.</citation>
    <PMID>9228357</PMID>
  </reference>
  <reference>
    <citation>Fish JE, Peters SP, Chambers CV, McGeady SJ, Epstein KR, Boushey HA, Cherniack RM, Chinchilli VM, Drazen JM, Fahy JV, Hurd SS, Israel E, Lazarus SC, Lemanske RF, Martin RJ, Mauger EA, Sorkness C, Szefler SJ. An evaluation of colchicine as an alternative to inhaled corticosteriods in moderate asthma. National Heart, Lung, and Blood Institute's Asthma Clinical Research Network. Am J Respir Crit Care Med. 1997 Oct;156(4 Pt 1):1165-71.</citation>
    <PMID>9351617</PMID>
  </reference>
  <reference>
    <citation>Martin RJ, Pak J, Kunselman SJ, Cherniack RM. Assessment of the AirWatch lung function monitoring system. Asthma Clinical Research Network (ACRN). J Allergy Clin Immunol. 1999 Mar;103(3 Pt 1):535-6.</citation>
    <PMID>10069893</PMID>
  </reference>
  <reference>
    <citation>Drazen JM, Israel E, Boushey HA, Chinchilli VM, Fahy JV, Fish JE, Lazarus SC, Lemanske RF, Martin RJ, Peters SP, Sorkness C, Szefler SJ. Comparison of regularly scheduled with as-needed use of albuterol in mild asthma. Asthma Clinical Research Network. N Engl J Med. 1996 Sep 19;335(12):841-7.</citation>
    <PMID>8778601</PMID>
  </reference>
  <reference>
    <citation>Leone FT, Mauger EA, Peters SP, Chinchilli VM, Fish JE, Boushey HA, Cherniack RM, Drazen JM, Fahy JV, Ford J, Israel E, Lazarus SC, Lemanske RF, Martin RJ, McGeady SJ, Sorkness C, Szefler SJ; Asthma Clinical Research Network of the National Heart, Lung, and Blood Institute. The utility of peak flow, symptom scores, and beta-agonist use as outcome measures in asthma clinical research. Chest. 2001 Apr;119(4):1027-33.</citation>
    <PMID>11296165</PMID>
  </reference>
  <reference>
    <citation>Lemanske RF Jr, Sorkness CA, Mauger EA, Lazarus SC, Boushey HA, Fahy JV, Drazen JM, Chinchilli VM, Craig T, Fish JE, Ford JG, Israel E, Kraft M, Martin RJ, Nachman SA, Peters SP, Spahn JD, Szefler SJ; Asthma Clinical Research Network for the National Heart, Lung, and Blood Institute. Inhaled corticosteroid reduction and elimination in patients with persistent asthma receiving salmeterol: a randomized controlled trial. JAMA. 2001 May 23-30;285(20):2594-603.</citation>
    <PMID>11368733</PMID>
  </reference>
  <reference>
    <citation>Lazarus SC, Boushey HA, Fahy JV, Chinchilli VM, Lemanske RF Jr, Sorkness CA, Kraft M, Fish JE, Peters SP, Craig T, Drazen JM, Ford JG, Israel E, Martin RJ, Mauger EA, Nachman SA, Spahn JD, Szefler SJ; Asthma Clinical Research Network for the National Heart, Lung, and Blood Institute. Long-acting beta2-agonist monotherapy vs continued therapy with inhaled corticosteroids in patients with persistent asthma: a randomized controlled trial. JAMA. 2001 May 23-30;285(20):2583-93.</citation>
    <PMID>11368732</PMID>
  </reference>
  <reference>
    <citation>Israel E, Drazen JM, Liggett SB, Boushey HA, Cherniack RM, Chinchilli VM, Cooper DM, Fahy JV, Fish JE, Ford JG, Kraft M, Kunselman S, Lazarus SC, Lemanske RF, Martin RJ, McLean DE, Peters SP, Silverman EK, Sorkness CA, Szefler SJ, Weiss ST, Yandava CN. The effect of polymorphisms of the beta(2)-adrenergic receptor on the response to regular use of albuterol in asthma. Am J Respir Crit Care Med. 2000 Jul;162(1):75-80.</citation>
    <PMID>10903223</PMID>
  </reference>
  <reference>
    <citation>Israel E, Drazen JM, Liggett SB, Boushey HA, Cherniack RM, Chinchilli VM, Cooper DM, Fahy JV, Fish JE, Ford JG, Kraft M, Kunselman S, Lazarus SC, Lemanske RF Jr, Martin RJ, McLean DE, Peters SP, Silverman EK, Sorkness CA, Szefler SJ, Weiss ST, Yandava CN; National Heart, Lung, and Blood Institute's Asthma Clinical Research Network. Effect of polymorphism of the beta(2)-adrenergic receptor on response to regular use of albuterol in asthma. Int Arch Allergy Immunol. 2001 Jan-Mar;124(1-3):183-6. Erratum in: Int Arch Allergy Immunol. 2012 Feb;157(2):212.</citation>
    <PMID>11306963</PMID>
  </reference>
  <reference>
    <citation>Fahy JV, Boushey HA, Lazarus SC, Mauger EA, Cherniack RM, Chinchilli VM, Craig TJ, Drazen JM, Ford JG, Fish JE, Israel E, Kraft M, Lemanske RF, Martin RJ, McLean D, Peters SP, Sorkness C, Szefler SJ; NHLBI Asthma Clinical Research Network. Safety and reproducibility of sputum induction in asthmatic subjects in a multicenter study. Am J Respir Crit Care Med. 2001 May;163(6):1470-5.</citation>
    <PMID>11371420</PMID>
  </reference>
  <reference>
    <citation>King TS, Chinchilli VM and the Asthma Clinical Research Network:. Robust estimators of the concordance correlation coefficient. Joint Statistical Meetings, Page 50, August 2001.</citation>
  </reference>
  <reference>
    <citation>Sorkness CA, Ford JG, Lemanske RF Jr; Asthma Clinical Trials Network. Recruitment strategies in the Asthma Clinical Research Network. Control Clin Trials. 2001 Dec;22(6 Suppl):222S-35S.</citation>
    <PMID>11728626</PMID>
  </reference>
  <reference>
    <citation>Martin RJ, Kephart DK, Dyer AM, Fahy J, Kraft M; Asthma Clinical Trials Network. Quality control within the Asthma Clinical Research Network. Control Clin Trials. 2001 Dec;22(6 Suppl):207S-21S.</citation>
    <PMID>11728625</PMID>
  </reference>
  <reference>
    <citation>Forand PE, Kunselman SJ, Drazen JM, Israel E, Pillari A, Armstrong TJ, Britton TB; Asthma Clinical Trials Network. Genetic analysis in the Asthma Clinical Research Network. Control Clin Trials. 2001 Dec;22(6 Suppl):196S-206S.</citation>
    <PMID>11728624</PMID>
  </reference>
  <reference>
    <citation>Kunselman SJ, Armstrong TJ, Britton TB, Forand PE; Asthma Clinical Trials Network. Implementing randomization procedures in the asthma clinical research network. Control Clin Trials. 2001 Dec;22(6 Suppl):181S-95S.</citation>
    <PMID>11728623</PMID>
  </reference>
  <reference>
    <citation>Pogash RM, Boehmer SJ, Forand PE, Dyer AM, Kunselman SJ; Asthma Clinical Trials Network. Data management procedures in the Asthma Clinical Research Network. Control Clin Trials. 2001 Dec;22(6 Suppl):168S-80S.</citation>
    <PMID>11728622</PMID>
  </reference>
  <reference>
    <citation>Hess HM, Curley RM, Chinchilli VM, Cherniack RM, Evans RL; Asthma Clinical Trials Network. Modem remote support of pulmonary-function testing and quality control systems. Control Clin Trials. 2001 Dec;22(6 Suppl):156S-67S.</citation>
    <PMID>11728621</PMID>
  </reference>
  <reference>
    <citation>Curley RM, Evans RL, Kaylor J, Pogash RM, Chinchilli VM; Asthma Clinical Trials Network. Development and deployment of an internet-based data management system for use by the Asthma Clinical Research Network. Control Clin Trials. 2001 Dec;22(6 Suppl):135S-55S.</citation>
    <PMID>11728620</PMID>
  </reference>
  <reference>
    <citation>Chinchilli VM, Drazen JM, Fish JE, Lemanske RF Jr, Lazarus SC, Martin RJ; Asthma Clinical Trials Network. The clinical trials in the initial five-year award period of the Asthma Clinical Research Network. Control Clin Trials. 2001 Dec;22(6 Suppl):126S-34S.</citation>
    <PMID>11728619</PMID>
  </reference>
  <reference>
    <citation>Kephart DK, Chinchilli VM, Hurd SS, Cherniack RM; Asthma Clinical Trials Network. The organization of the Asthma Clinical Research Network: a multicenter, multiprotocol clinical trials team. Control Clin Trials. 2001 Dec;22(6 Suppl):119S-25S.</citation>
    <PMID>11728618</PMID>
  </reference>
  <reference>
    <citation>Chinchilli VM. The Asthma Clinical Research Network. Control Clin Trials. 2001 Dec;22(6 Suppl):117S-8S.</citation>
    <PMID>11728617</PMID>
  </reference>
  <reference>
    <citation>Janson SL, Alioto ME, Boushey HA; Asthma Clinical Trials Network. Attrition and retention of ethnically diverse subjects in a multicenter randomized controlled research trial. Control Clin Trials. 2001 Dec;22(6 Suppl):236S-43S.</citation>
    <PMID>11728627</PMID>
  </reference>
  <reference>
    <citation>Mauger EA, Mauger DT, Fish JE, Chinchilli VM, Israel E; Asthma Clinical Trials Network. Summarizing methacholine challenges in clinical research. Control Clin Trials. 2001 Dec;22(6 Suppl):244S-51S.</citation>
    <PMID>11728628</PMID>
  </reference>
  <reference>
    <citation>Martin RJ, Szefler SJ, Chinchilli VM, Kraft M, Dolovich M, Boushey HA, Cherniack RM, Craig TJ, Drazen JM, Fagan JK, Fahy JV, Fish JE, Ford JG, Israel E, Kunselman SJ, Lazarus SC, Lemanske RF Jr, Peters SP, Sorkness CA. Systemic effect comparisons of six inhaled corticosteroid preparations. Am J Respir Crit Care Med. 2002 May 15;165(10):1377-83.</citation>
    <PMID>12016099</PMID>
  </reference>
  <reference>
    <citation>Szefler SJ, Martin RJ, King TS, Boushey HA, Cherniack RM, Chinchilli VM, Craig TJ, Dolovich M, Drazen JM, Fagan JK, Fahy JV, Fish JE, Ford JG, Israel E, Kiley J, Kraft M, Lazarus SC, Lemanske RF Jr, Mauger E, Peters SP, Sorkness CA; Asthma Clinical Research Network of the National Heart Lung, and Blood Institute. Significant variability in response to inhaled corticosteroids for persistent asthma. J Allergy Clin Immunol. 2002 Mar;109(3):410-8.</citation>
    <PMID>11897984</PMID>
  </reference>
  <reference>
    <citation>McEntegart D. Implementing randomization procedures in the Asthma Clinical Research Network. Control Clin Trials. 2002 Aug;23(4):424-6; author reply 426-8.</citation>
    <PMID>12161085</PMID>
  </reference>
  <reference>
    <citation>Kraft M, Martin RJ, Lazarus SC, Fahy JV, Boushey HA, Lemanske RF Jr, Szefler SJ; Asthma Clinical Research Network. Airway tissue mast cells in persistent asthma: predictor of treatment failure when patients discontinue inhaled corticosteroids. Chest. 2003 Jul;124(1):42-50.</citation>
    <PMID>12853500</PMID>
  </reference>
  <reference>
    <citation>Burchard EG, Avila PC, Nazario S, Casal J, Torres A, Rodriguez-Santana JR, Toscano M, Sylvia JS, Alioto M, Salazar M, Gomez I, Fagan JK, Salas J, Lilly C, Matallana H, Ziv E, Castro R, Selman M, Chapela R, Sheppard D, Weiss ST, Ford JG, Boushey HA, Rodriguez-Cintron W, Drazen JM, Silverman EK; Genetics of Asthma in Latino Americans (GALA) Study. Lower bronchodilator responsiveness in Puerto Rican than in Mexican subjects with asthma. Am J Respir Crit Care Med. 2004 Feb 1;169(3):386-92. Epub 2003 Nov 14.</citation>
    <PMID>14617512</PMID>
  </reference>
  <reference>
    <citation>Lind DL, Choudhry S, Ung N, Ziv E, Avila PC, Salari K, Ha C, Lovins EG, Coyle NE, Nazario S, Casal J, Torres A, Rodriguez-Santana JR, Matallana H, Lilly CM, Salas J, Selman M, Boushey HA, Weiss ST, Chapela R, Ford JG, Rodriguez-Cintron W, Silverman EK, Sheppard D, Kwok PY, González Burchard E. ADAM33 is not associated with asthma in Puerto Rican or Mexican populations. Am J Respir Crit Care Med. 2003 Dec 1;168(11):1312-6. Epub 2003 Sep 4.</citation>
    <PMID>12958057</PMID>
  </reference>
  <reference>
    <citation>Tantisira KG, Lake S, Silverman ES, Palmer LJ, Lazarus R, Silverman EK, Liggett SB, Gelfand EW, Rosenwasser LJ, Richter B, Israel E, Wechsler M, Gabriel S, Altshuler D, Lander E, Drazen J, Weiss ST. Corticosteroid pharmacogenetics: association of sequence variants in CRHR1 with improved lung function in asthmatics treated with inhaled corticosteroids. Hum Mol Genet. 2004 Jul 1;13(13):1353-9. Epub 2004 May 5.</citation>
    <PMID>15128701</PMID>
  </reference>
  <reference>
    <citation>Israel E, Chinchilli VM, Ford JG, Boushey HA, Cherniack R, Craig TJ, Deykin A, Fagan JK, Fahy JV, Fish J, Kraft M, Kunselman SJ, Lazarus SC, Lemanske RF Jr, Liggett SB, Martin RJ, Mitra N, Peters SP, Silverman E, Sorkness CA, Szefler SJ, Wechsler ME, Weiss ST, Drazen JM; National Heart, Lung, and Blood Institute's Asthma Clinical Research Network. Use of regularly scheduled albuterol treatment in asthma: genotype-stratified, randomised, placebo-controlled cross-over trial. Lancet. 2004 Oct 23-29;364(9444):1505-12.</citation>
    <PMID>15500895</PMID>
  </reference>
  <reference>
    <citation>Deykin A, Lazarus SC, Fahy JV, Wechsler ME, Boushey HA, Chinchilli VM, Craig TJ, Dimango E, Kraft M, Leone F, Lemanske RF, Martin RJ, Pesola GR, Peters SP, Sorkness CA, Szefler SJ, Israel E; Asthma Clinical Research Network, National Heart, Lung, and Blood Institute/NIH. Sputum eosinophil counts predict asthma control after discontinuation of inhaled corticosteroids. J Allergy Clin Immunol. 2005 Apr;115(4):720-7.</citation>
    <PMID>15805990</PMID>
  </reference>
  <reference>
    <citation>Boushey HA, Sorkness CA, King TS, Sullivan SD, Fahy JV, Lazarus SC, Chinchilli VM, Craig TJ, Dimango EA, Deykin A, Fagan JK, Fish JE, Ford JG, Kraft M, Lemanske RF Jr, Leone FT, Martin RJ, Mauger EA, Pesola GR, Peters SP, Rollings NJ, Szefler SJ, Wechsler ME, Israel E; National Heart, Lung, and Blood Institute's Asthma Clinical Research Network. Daily versus as-needed corticosteroids for mild persistent asthma. N Engl J Med. 2005 Apr 14;352(15):1519-28.</citation>
    <PMID>15829533</PMID>
  </reference>
  <reference>
    <citation>Fabbri LM. Does mild persistent asthma require regular treatment? N Engl J Med. 2005 Apr 14;352(15):1589-91.</citation>
    <PMID>15829540</PMID>
  </reference>
  <verification_date>August 2006</verification_date>
  <study_first_submitted>October 27, 1999</study_first_submitted>
  <study_first_submitted_qc>October 27, 1999</study_first_submitted_qc>
  <study_first_posted type="Estimate">October 28, 1999</study_first_posted>
  <last_update_submitted>January 12, 2017</last_update_submitted>
  <last_update_submitted_qc>January 12, 2017</last_update_submitted_qc>
  <last_update_posted type="Estimate">January 16, 2017</last_update_posted>
  <condition_browse>
    <!-- CAUTION:  The following MeSH terms are assigned with an imperfect algorithm            -->
    <mesh_term>Asthma</mesh_term>
    <mesh_term>Lung Diseases</mesh_term>
  </condition_browse>
  <intervention_browse>
    <!-- CAUTION:  The following MeSH terms are assigned with an imperfect algorithm            -->
    <mesh_term>Colchicine</mesh_term>
    <mesh_term>Albuterol</mesh_term>
    <mesh_term>Hormones</mesh_term>
    <mesh_term>Adrenergic Agents</mesh_term>
    <mesh_term>Adrenergic beta-Agonists</mesh_term>
  </intervention_browse>
  <!-- Results have not yet been posted for this study                                          -->
</clinical_study>

