<?xml version="1.0" encoding="UTF-8"?>
<clinical_study rank="3689">
  <!-- This xml conforms to an XML Schema at:
    https://clinicaltrials.gov/ct2/html/images/info/public.xsd -->
  <required_header>
    <download_date>ClinicalTrials.gov processed this data on April 03, 2020</download_date>
    <link_text>Link to the current ClinicalTrials.gov record.</link_text>
    <url>https://clinicaltrials.gov/show/NCT00000707</url>
  </required_header>
  <id_info>
    <org_study_id>ACTG 048</org_study_id>
    <secondary_id>11022</secondary_id>
    <nct_id>NCT00000707</nct_id>
  </id_info>
  <brief_title>Aerosols in the Treatment of Asymptomatic Pneumocystis Pneumonia: A Pilot Study Assessing the Effectiveness of Aerosolized Pentamidine as Treatment of Subclinical Pneumocystis Infection in Patients With No Clinical Symptoms</brief_title>
  <official_title>Aerosols in the Treatment of Asymptomatic Pneumocystis Pneumonia: A Pilot Study Assessing the Effectiveness of Aerosolized Pentamidine as Treatment of Subclinical Pneumocystis Infection in Patients With No Clinical Symptoms</official_title>
  <sponsors>
    <lead_sponsor>
      <agency>National Institute of Allergy and Infectious Diseases (NIAID)</agency>
      <agency_class>NIH</agency_class>
    </lead_sponsor>
  </sponsors>
  <source>National Institute of Allergy and Infectious Diseases (NIAID)</source>
  <brief_summary>
    <textblock>
      To confirm the ability of pulmonary (lung) function testing (PFT) to detect Pneumocystis
      carinii pneumonia (PCP) before the development of clinical symptoms and to determine if
      pentamidine (PEN), a drug used in treating PCP, can be given effectively as an aerosol
      (inhaled mist). Other goals include the measurement of the actual amount of PEN that reaches
      the lung, and to determine if close clinical observation is safer and as effective as drug
      therapy for the prevention of subsequent episodes of PCP.

      Many AIDS patients develop PCP, but the effectiveness of early diagnosis and treatment of PCP
      is not known. The effectiveness of PEN may be improved if treatment is begun when the
      parasite burden (the number of organisms in the lung) is still small, and before respiratory
      symptoms appear. If PFT of HIV-infected patients is able to identify patients in the early
      stages of infection, outpatient treatment of these patients offers a possible alternative to
      the expense and toxicity of continuous preventive therapy of all high-risk patients.
    </textblock>
  </brief_summary>
  <detailed_description>
    <textblock>
      Many AIDS patients develop PCP, but the effectiveness of early diagnosis and treatment of PCP
      is not known. The effectiveness of PEN may be improved if treatment is begun when the
      parasite burden (the number of organisms in the lung) is still small, and before respiratory
      symptoms appear. If PFT of HIV-infected patients is able to identify patients in the early
      stages of infection, outpatient treatment of these patients offers a possible alternative to
      the expense and toxicity of continuous preventive therapy of all high-risk patients.

      Patients are treated with aerosolized PEN on an outpatient basis. The aerosol therapy is
      given by a respiratory therapist 5 times a week, for a total of 21 days of treatment. In
      addition, patients participate in two radioactive aerosol studies in which the patient
      inhales a radioactive gas while sitting with his/her back against a gamma camera. The
      resulting picture outlines the lungs. Then the gas is exhaled and the patient breathes an
      aerosol of PEN. This mist contains a single dose of PEN mixed with a small amount of
      radioactivity (99mTc-pertechnetate). The gamma camera determines where the particles deposit
      in the lungs. The radioactive exposure is equivalent to a typical x-ray of the ribs. Patients
      also undergo diagnostic bronchoscopy with lavage, and PFT. Blood is drawn to measure the
      blood level of PEN. Patients are followed (clinical exams and PFT's) for 6 months after the
      end of therapy. Prophylaxis for PCP is allowed during the 6-month follow-up.
    </textblock>
  </detailed_description>
  <overall_status>Completed</overall_status>
  <completion_date type="Actual">June 1991</completion_date>
  <phase>N/A</phase>
  <study_type>Interventional</study_type>
  <has_expanded_access>No</has_expanded_access>
  <study_design_info>
    <primary_purpose>Treatment</primary_purpose>
    <masking>None (Open Label)</masking>
  </study_design_info>
  <enrollment>20</enrollment>
  <condition>Pneumonia, Pneumocystis Carinii</condition>
  <condition>HIV Infections</condition>
  <intervention>
    <intervention_type>Drug</intervention_type>
    <intervention_name>Pentamidine isethionate</intervention_name>
  </intervention>
  <eligibility>
    <criteria>
      <textblock>
        Inclusion Criteria

        Concurrent Treatment:

        Allowed during aerosolization:

        Metaproterenol or albuterol to treat bronchospasm.

        Patients must have:

          -  HIV infection confirmed by ELISA, HIV culture, or p24 antigenemia.

          -  Suspected subclinical Pneumocystis carinii infection as detected by &gt; 10 percent
             change in lung volumes and/or diffusing capacity indicative of progressive restrictive
             disease as detected by monthly screening pulmonary function tests (PFT's). Patients
             will be afebrile and have no respiratory signs or symptoms of clinical disease.
             Morphologic confirmation of pneumocysts will be determined by bronchoalveolar lavage
             (BAL) performed 24 hours after the initial aerosol inhalation. If the BAL is negative
             for pneumocysts, the patient will be withdrawn from this protocol and will be followed
             per the screening PFT protocol at Stony Brook.

          -  Diagnostic bronchoscopy and BAL must be performed within 2 weeks of detection of &gt; 10
             percent change in PFTs.

          -  Ability and willingness to sign informed consent.

        Prior Medication:

        Allowed:

          -  Primary prophylaxis with agents active against Pneumocystis carinii pneumonia (PCP),
             but no more than 5 patients may have received prior prophylaxis with aerosolized
             pentamidine.

          -  Zidovudine.

        Exclusion Criteria

        Co-existing Condition:

        Patients with the following conditions or symptoms are excluded:

          -  History of Pneumocystis carinii pneumonia (PCP).

          -  Development of respiratory signs and/or symptoms in the interval between detection of
             pulmonary function test (PFT) abnormality and the time of initial aerosol deposition.

          -  Dyspnea, cough, or bronchospasm that prevents cooperation with aerosol administration.

          -  History of a major adverse reaction to pentamidine defined by absolute neutropenia, &lt;
             750 polymorphonuclear leukocytes plus bands; thrombocytopenia, &lt; 40000 platelets;
             creatinine rise, &gt; 3.0 mg/dl; liver function abnormalities, SGOT or SGPT &gt; 5 x normal;
             hypoglycemia, &lt; 50 mg/dl; rash, exfoliative or mucositis; cough, unremitting cough or
             bronchospasm uncontrolled by bronchodilator preventing &gt; 50 percent of dose delivered
             for &gt; 2 days.

        Concurrent Medication:

        Excluded:

          -  Zidovudine.

        Patients unable to cooperate with aerosol administration are excluded.

        Prior Medication:

        Excluded:

        - Another antiprotozoal regimen for this episode. Unable to complete therapy or follow-up
        for social reasons in the opinion of the investigator.
      </textblock>
    </criteria>
    <gender>All</gender>
    <minimum_age>13 Years</minimum_age>
    <maximum_age>N/A</maximum_age>
    <healthy_volunteers>No</healthy_volunteers>
  </eligibility>
  <overall_official>
    <last_name>Smaldone G</last_name>
    <role>Study Chair</role>
  </overall_official>
  <location>
    <facility>
      <name>SUNY - Stony Brook</name>
      <address>
        <city>Stony Brook</city>
        <state>New York</state>
        <zip>11794</zip>
        <country>United States</country>
      </address>
    </facility>
  </location>
  <location_countries>
    <country>United States</country>
  </location_countries>
  <reference>
    <citation>Smaldone GC, Fuhrer J, Steigbigel RT, McPeck M. Factors determining pulmonary deposition of aerosolized pentamidine in patients with human immunodeficiency virus infection. Am Rev Respir Dis. 1991 Apr;143(4 Pt 1):727-37.</citation>
    <PMID>2008984</PMID>
  </reference>
  <verification_date>March 2012</verification_date>
  <study_first_submitted>November 2, 1999</study_first_submitted>
  <study_first_submitted_qc>August 30, 2001</study_first_submitted_qc>
  <study_first_posted type="Estimate">August 31, 2001</study_first_posted>
  <last_update_submitted>March 28, 2012</last_update_submitted>
  <last_update_submitted_qc>March 28, 2012</last_update_submitted_qc>
  <last_update_posted type="Estimate">March 29, 2012</last_update_posted>
  <responsible_party>
    <responsible_party_type>Sponsor</responsible_party_type>
  </responsible_party>
  <keyword>Respiratory Function Tests</keyword>
  <keyword>AIDS-Related Opportunistic Infections</keyword>
  <keyword>Pneumonia, Pneumocystis carinii</keyword>
  <keyword>Pentamidine</keyword>
  <keyword>Lung</keyword>
  <keyword>HIV Seropositivity</keyword>
  <keyword>Drug Evaluation</keyword>
  <keyword>Administration, Inhalation</keyword>
  <keyword>Aerosols</keyword>
  <keyword>Acquired Immunodeficiency Syndrome</keyword>
  <condition_browse>
    <!-- CAUTION:  The following MeSH terms are assigned with an imperfect algorithm            -->
    <mesh_term>Infection</mesh_term>
    <mesh_term>Communicable Diseases</mesh_term>
    <mesh_term>Pneumonia, Pneumocystis</mesh_term>
    <mesh_term>Pneumocystis Infections</mesh_term>
    <mesh_term>Pneumonia</mesh_term>
  </condition_browse>
  <intervention_browse>
    <!-- CAUTION:  The following MeSH terms are assigned with an imperfect algorithm            -->
    <mesh_term>Pentamidine</mesh_term>
  </intervention_browse>
  <!-- Results have not yet been posted for this study                                          -->
</clinical_study>

